".rownames","W","W.predict.All.X.bayesglm","W.predict.All.X.bayesglm.err","W.predict.All.X.bayesglm.accurate"
"1000",79,77.6907721115123,1.30922788848767,FALSE
"1001",77,76.659390960627,0.340609039373049,FALSE
"1002",77,76.1008706678867,0.899129332113304,FALSE
"1003",99,95.983037923849,3.01696207615105,FALSE
"1004",71,67.4368881173024,3.56311188269763,FALSE
"1005",85,79.1495732513178,5.85042674868217,FALSE
"1006",82,81.1014127422022,0.898587257797772,FALSE
"1007",88,79.6807551357244,8.31924486427565,FALSE
"1008",95,90.2811704463741,4.71882955362591,FALSE
"1009",74,78.3838468375091,4.38384683750913,FALSE
"1010",81,84.6160613211398,3.61606132113981,FALSE
"1011",79,77.4667864643716,1.53321353562838,FALSE
"1012",82,84.3604808169239,2.36048081692388,FALSE
"1013",80,84.3117627730736,4.31176277307358,FALSE
"1014",94,96.7613085333979,2.76130853339791,FALSE
"1015",71,73.9934960210117,2.99349602101167,FALSE
"1016",80,82.2014669893117,2.20146698931174,FALSE
"1017",60,61.2318917242502,1.23189172425016,FALSE
"1018",88,84.2859973066723,3.71400269332771,FALSE
"1019",81,84.055638638177,3.05563863817704,FALSE
"1020",57,60.2026147738567,3.20261477385672,FALSE
"1021",82,76.4362492253806,5.56375077461944,FALSE
"1022",101,101.321279612926,0.321279612926048,FALSE
"1023",85,83.7311118598295,1.2688881401705,FALSE
"1024",76,75.4598102575592,0.540189742440802,FALSE
"1025",83,80.5267814730125,2.47321852698749,FALSE
"1026",79,83.9308423115566,4.93084231155663,FALSE
"1027",79,82.2510061702509,3.25100617025089,FALSE
"1028",60,62.9280225402173,2.92802254021733,FALSE
"1029",91,86.7636142864441,4.23638571355588,FALSE
"1030",79,82.2271658607905,3.22716586079054,FALSE
"1031",85,83.8970710143196,1.10292898568044,FALSE
"1032",89,87.5161307343251,1.48386926567485,FALSE
"1033",69,74.1236376092132,5.1236376092132,FALSE
"1034",74,78.496328881955,4.49632888195498,FALSE
"1035",71,70.4018202154725,0.598179784527474,FALSE
"1036",83,84.7974510181836,1.79745101818357,FALSE
"1037",81,81.3726057103656,0.372605710365605,FALSE
"1038",101,97.2475051210774,3.75249487892259,FALSE
"1039",67,69.6595812211363,2.65958122113628,FALSE
"1040",97,101.208882834891,4.20888283489074,FALSE
"1041",61,70.2848663035432,9.2848663035432,FALSE
"1042",90,91.1142453919807,1.11424539198072,FALSE
"1043",90,83.9993434789757,6.00065652102425,FALSE
"1044",63,68.5053926970568,5.50539269705681,FALSE
"1045",76,77.4195303610982,1.41953036109821,FALSE
"1046",108,103.786907615331,4.21309238466858,FALSE
"1047",87,87.0466115095619,0.0466115095618989,FALSE
"1048",86,81.0355412372407,4.96445876275934,FALSE
"1049",84,91.5980164042952,7.59801640429517,FALSE
"1050",56,63.4272708674019,7.42727086740192,FALSE
"1051",102,93.0721838344222,8.92781616557775,FALSE
"1052",76,79.668130687452,3.66813068745196,FALSE
"1053",79,75.1996140473901,3.80038595260986,FALSE
"1054",79,78.3506297082668,0.649370291733177,FALSE
"1055",65,72.0096225462205,7.00962254622046,FALSE
"1056",87,84.9370121958676,2.06298780413243,FALSE
"1057",65,69.0691067192961,4.06910671929606,FALSE
"1058",98,98.6665352135253,0.66653521352525,FALSE
"1059",73,69.02518052037,3.97481947963001,FALSE
"1060",83,86.2924168875662,3.29241688756625,FALSE
"1061",93,86.9773383985523,6.02266160144768,FALSE
"1062",89,89.6360086783266,0.636008678326561,FALSE
"1063",73,68.2470947671275,4.75290523287246,FALSE
"1064",89,92.1290913834195,3.12909138341951,FALSE
"1065",63,71.263245905845,8.26324590584495,FALSE
"1066",86,79.8251011611758,6.17489883882416,FALSE
"1067",76,79.1132560561478,3.11325605614785,FALSE
"1068",70,75.3849693230462,5.38496932304616,FALSE
"1069",93,91.1507771647968,1.84922283520322,FALSE
"1070",109,107.958636529398,1.04136347060219,FALSE
"1071",87,82.15102659619,4.84897340380996,FALSE
"1072",71,70.0491220316432,0.950877968356849,FALSE
"1073",92,90.7200321852845,1.27996781471553,FALSE
"1074",68,71.9634633325582,3.96346333255823,FALSE
"1075",89,83.6531218360213,5.34687816397874,FALSE
"1076",62,67.5796731296496,5.57967312964963,FALSE
"1077",90,89.9682095611248,0.0317904388751629,FALSE
"1078",81,80.5839355033059,0.416064496694077,FALSE
"1079",69,71.8096986713987,2.80969867139873,FALSE
"1080",85,88.040698022289,3.04069802228895,FALSE
"1081",97,101.193167187891,4.19316718789143,FALSE
"1082",52,62.4838601771952,10.4838601771952,FALSE
"1083",100,92.5508170173014,7.44918298269857,FALSE
"1084",80,79.4460360406361,0.553963959363927,FALSE
"1085",88,85.2823072174081,2.71769278259188,FALSE
"1086",63,71.8573468183552,8.85734681835521,FALSE
"1087",88,87.3634053852134,0.636594614786588,FALSE
"1088",52,56.7128011613093,4.71280116130933,FALSE
"1089",64,66.0262185072974,2.0262185072974,FALSE
"1090",90,86.62443765562,3.37556234437997,FALSE
"1091",87,86.5776150118317,0.422384988168304,FALSE
"1092",86,85.3403438580443,0.659656141955651,FALSE
"1093",81,79.5060133062499,1.49398669375006,FALSE
"1094",91,89.4314828378489,1.56851716215107,FALSE
"1095",86,81.3100317348467,4.68996826515327,FALSE
"1096",67,70.8184131008911,3.81841310089115,FALSE
"1097",84,81.8834293602094,2.11657063979062,FALSE
"1098",67,75.9063022003757,8.90630220037569,FALSE
"1099",83,82.9407194502975,0.0592805497024926,FALSE
"1100",86,82.5498997982099,3.45010020179012,FALSE
"1101",103,102.73084750053,0.269152499470053,FALSE
"1102",72,73.8842054300208,1.88420543002081,FALSE
"1103",76,78.3358571410888,2.33585714108884,FALSE
"1104",79,83.333009081122,4.33300908112196,FALSE
"1105",73,79.7197780120839,6.71977801208394,FALSE
"1106",83,82.3476861628825,0.652313837117532,FALSE
"1107",82,84.0898406148989,2.08984061489886,FALSE
"1108",76,74.638606805538,1.36139319446201,FALSE
"1109",80,85.9645203570887,5.96452035708873,FALSE
"1110",88,87.5261244954625,0.473875504537546,FALSE
"1111",97,93.9563119620673,3.04368803793267,FALSE
"1112",65,68.2252168501225,3.22521685012254,FALSE
"1113",77,80.4649975967192,3.46499759671921,FALSE
"1114",76,86.194015669648,10.194015669648,FALSE
"1115",92,93.5918761902845,1.59187619028454,FALSE
"1116",84,79.2380705567231,4.7619294432769,FALSE
"1117",87,87.3538772306605,0.35387723066053,FALSE
"1118",89,84.6767765581872,4.32322344181284,FALSE
"1119",87,85.3369289587017,1.66307104129832,FALSE
"1120",75,77.2550089322245,2.25500893222446,FALSE
"1121",91,90.301791141109,0.698208858890979,FALSE
"1122",69,70.4142628722693,1.41426287226929,FALSE
"1123",62,69.2315734285165,7.2315734285165,FALSE
"1124",73,74.8005185754788,1.80051857547885,FALSE
"1125",91,88.9321840059538,2.06781599404619,FALSE
"1126",61,65.5177592197074,4.51775921970741,FALSE
"1127",72,72.4745348178747,0.474534817874698,FALSE
"1128",82,84.132004693647,2.13200469364702,FALSE
"1129",81,79.8652493005652,1.13475069943485,FALSE
"1130",91,90.2687451639528,0.731254836047242,FALSE
"1131",101,96.4063612429496,4.5936387570504,FALSE
"1132",76,72.2442385830367,3.7557614169633,FALSE
"1133",85,90.4073727854677,5.40737278546771,FALSE
"1134",97,97.8372342963123,0.837234296312261,FALSE
"1135",72,74.1852582635857,2.18525826358565,FALSE
"1136",80,77.6239653359349,2.37603466406509,FALSE
"1137",59,66.2900673636529,7.29006736365287,FALSE
"1138",83,86.3420305162498,3.34203051624985,FALSE
"1139",76,79.1547948238653,3.15479482386529,FALSE
"1140",81,80.9200968603943,0.079903139605733,FALSE
"1141",88,83.4658029678342,4.53419703216581,FALSE
"1142",72,74.4259281800824,2.42592818008238,FALSE
"1143",74,72.3171766931335,1.68282330686648,FALSE
"1144",95,94.9811434026983,0.0188565973016921,FALSE
"1145",89,89.0267814092845,0.0267814092845242,FALSE
"1146",66,64.3370405892888,1.66295941071121,FALSE
"1147",70,80.8670624368821,10.8670624368821,FALSE
"1148",87,85.5777431983645,1.4222568016355,FALSE
"1149",92,92.1817003882904,0.181700388290409,FALSE
"1150",93,85.2290593826968,7.77094061730321,FALSE
"1151",83,81.6407650278932,1.3592349721068,FALSE
"1152",71,71.2673981549844,0.267398154984448,FALSE
"1153",94,86.7878440208736,7.21215597912638,FALSE
"1154",62,71.2063842260982,9.20638422609819,FALSE
"1155",75,78.3591072842559,3.35910728425593,FALSE
"1156",72,73.5799552220402,1.57995522204018,FALSE
"1157",95,89.4303211918634,5.56967880813659,FALSE
"1158",89,91.937584969173,2.93758496917302,FALSE
"1159",87,85.9297163140992,1.07028368590085,FALSE
"1160",89,87.9572796982556,1.04272030174442,FALSE
"1161",65,68.1416624293851,3.14166242938505,FALSE
"1162",59,66.3414264232424,7.34142642324235,FALSE
"1163",97,92.1442917257493,4.85570827425074,FALSE
"1164",102,98.956079673693,3.04392032630696,FALSE
"1165",86,88.6795853849625,2.67958538496245,FALSE
"1166",50,59.0094417126973,9.00944171269731,FALSE
"1167",77,82.1362475092735,5.13624750927355,FALSE
"1168",85,80.2686843160262,4.7313156839738,FALSE
"1169",90,90.1499419430116,0.149941943011612,FALSE
"1170",95,89.7304391151871,5.26956088481288,FALSE
"1171",80,82.7800256731549,2.78002567315494,FALSE
"1172",70,69.4456809307357,0.554319069264338,FALSE
"1173",97,92.1524549014708,4.8475450985292,FALSE
"1174",72,73.0125711904725,1.01257119047247,FALSE
"1175",76,75.0942930997023,0.905706900297687,FALSE
"1176",98,93.6797946055332,4.32020539446683,FALSE
"1177",92,89.9919444063292,2.00805559367085,FALSE
"1178",79,81.3315876183035,2.33158761830347,FALSE
"1179",85,83.7923338480836,1.20766615191636,FALSE
"1180",66,68.994381327912,2.99438132791204,FALSE
"1181",57,62.9607371441499,5.96073714414987,FALSE
"1182",82,81.4884814044449,0.511518595555088,FALSE
"1183",80,84.905578756926,4.90557875692602,FALSE
"1184",79,88.010272440972,9.01027244097199,FALSE
"1185",88,85.6023809708341,2.39761902916594,FALSE
"1186",53,62.7906878326035,9.7906878326035,FALSE
"1187",99,98.1262697262839,0.873730273716149,FALSE
"1188",92,86.6409203123541,5.3590796876459,FALSE
"1189",80,84.0067116017359,4.00671160173593,FALSE
"1190",90,87.8300240884817,2.16997591151826,FALSE
"1191",93,90.3092554486568,2.69074455134322,FALSE
"1192",62,67.210017955212,5.21001795521202,FALSE
"1193",86,83.9411675068261,2.05883249317394,FALSE
"1194",76,78.229443380863,2.22944338086303,FALSE
"1195",82,81.4990676059258,0.500932394074169,FALSE
"1196",94,93.202060331102,0.79793966889801,FALSE
"1197",86,86.090178672181,0.0901786721809685,FALSE
"1198",79,75.7005014353713,3.29949856462868,FALSE
"1199",79,80.7165657834911,1.71656578349115,FALSE
"1200",66,65.1194028807602,0.880597119239823,FALSE
"1201",73,72.9554776932892,0.0445223067107889,FALSE
"1202",70,75.1564512377707,5.15645123777071,FALSE
"1203",99,93.1475984825569,5.85240151744311,FALSE
"1204",91,96.430734131419,5.43073413141897,FALSE
"1205",84,87.7824415559125,3.78244155591247,FALSE
"1206",51,56.0531278683981,5.05312786839814,FALSE
"1207",104,99.0428313715797,4.95716862842035,FALSE
"1208",87,87.5159312933168,0.515931293316754,FALSE
"1209",74,79.8333016706465,5.83330167064652,FALSE
"1210",88,89.287422639184,1.28742263918397,FALSE
"1211",93,91.5866006666652,1.41339933333481,FALSE
"1212",56,59.9527239835645,3.95272398356451,FALSE
"1213",77,79.5157685949861,2.51576859498613,FALSE
"1214",76,76.2173880826971,0.217388082697127,FALSE
"1215",59,63.7927735059822,4.79277350598217,FALSE
"1216",85,84.9535970918616,0.0464029081383899,FALSE
"1217",98,91.0433002702687,6.95669972973126,FALSE
"1218",80,75.5563852394815,4.44361476051847,FALSE
"1219",85,86.7933111959363,1.79331119593628,FALSE
"1220",64,69.7954792427307,5.79547924273065,FALSE
"1221",72,71.7038289352765,0.296171064723453,FALSE
"1222",86,81.6297304101777,4.37026958982233,FALSE
"1223",102,93.4927290202001,8.5072709797999,FALSE
"1224",91,88.7594876190218,2.24051238097817,FALSE
"1225",86,87.278757006554,1.27875700655403,FALSE
"1226",40,50.5138597524247,10.5138597524247,FALSE
"1227",96,97.1239987549862,1.12399875498622,FALSE
"1228",81,75.6538804622842,5.34611953771578,FALSE
"1229",93,87.8017287398262,5.19827126017378,FALSE
"1230",103,101.544659597809,1.45534040219061,FALSE
"1231",84,90.3784317983493,6.37843179834928,FALSE
"1232",60,71.6063663098261,11.6063663098261,FALSE
"331",75,77.0140648661569,2.01406486615686,FALSE
"332",92,96.8616706711616,4.86167067116162,FALSE
"333",88,93.099656707152,5.09965670715198,FALSE
"334",63,66.3642938615639,3.36429386156394,FALSE
"335",82,82.6792263238557,0.679226323855715,FALSE
"336",88,86.949579228019,1.05042077198102,FALSE
"337",83,80.888354841974,2.11164515802601,FALSE
"338",66,69.4153812240809,3.41538122408092,FALSE
"339",91,90.829281640706,0.170718359293986,FALSE
"340",73,81.0394098353585,8.0394098353585,FALSE
"341",66,65.943748004762,0.0562519952379859,FALSE
"342",76,80.0779871993714,4.07798719937144,FALSE
"343",93,91.7923489974669,1.20765100253313,FALSE
"344",65,67.7437153255811,2.74371532558115,FALSE
"345",86,81.267157225486,4.73284277451403,FALSE
"346",68,74.261741194933,6.26174119493299,FALSE
"347",85,80.8561156522522,4.14388434774777,FALSE
"348",68,67.3762443435512,0.623755656448793,FALSE
"349",82,74.2738311115331,7.7261688884669,FALSE
"350",95,90.508518646457,4.49148135354304,FALSE
"351",102,105.353543913044,3.35354391304404,FALSE
"352",86,82.3383131206015,3.6616868793985,FALSE
"353",62,61.9356533405489,0.0643466594511324,FALSE
"354",79,76.1955547699775,2.80444523002251,FALSE
"355",116,110.628898697192,5.37110130280796,FALSE
"356",90,85.8361889011431,4.16381109885685,FALSE
"357",93,96.6594736655447,3.65947366554471,FALSE
"358",62,60.2250193451216,1.77498065487842,FALSE
"359",73,72.4753426880945,0.524657311905514,FALSE
"360",80,81.4489043561587,1.44890435615871,FALSE
"361",82,80.0398189238486,1.96018107615136,FALSE
"362",85,83.1622563977542,1.83774360224584,FALSE
"363",95,93.1976216502569,1.80237834974308,FALSE
"364",74,69.0920507871192,4.90794921288082,FALSE
"365",85,84.0550171771373,0.94498282286267,FALSE
"366",65,66.5321405337744,1.53214053377435,FALSE
"367",95,95.5830741903886,0.583074190388601,FALSE
"368",85,86.0315828581576,1.03158285815763,FALSE
"369",90,91.2196977513987,1.21969775139868,FALSE
"370",82,83.7930034564005,1.79300345640047,FALSE
"371",79,79.0940030287978,0.0940030287977862,FALSE
"372",79,73.2616798511001,5.73832014889987,FALSE
"373",72,78.6808029271221,6.68080292712212,FALSE
"374",77,72.9184558972641,4.08154410273589,FALSE
"375",86,86.2053368715456,0.205336871545569,FALSE
"376",73,72.0702218227689,0.929778177231071,FALSE
"377",69,67.5357898359266,1.46421016407336,FALSE
"378",67,65.7058552112433,1.2941447887567,FALSE
"379",94,89.0306846644901,4.96931533550995,FALSE
"380",87,88.0522678307515,1.05226783075155,FALSE
"381",91,95.0332964934495,4.03329649344946,FALSE
"382",65,68.7951656214898,3.79516562148983,FALSE
"383",69,70.669529303149,1.66952930314902,FALSE
"384",76,73.3834262431381,2.61657375686188,FALSE
"385",91,95.2959065547116,4.29590655471162,FALSE
"386",97,100.614742733973,3.61474273397262,FALSE
"387",95,95.1034118022968,0.103411802296847,FALSE
"388",69,68.9422752055537,0.0577247944462727,FALSE
"389",71,67.9158665207181,3.08413347928189,FALSE
"390",83,75.8247127556423,7.17528724435773,FALSE
"391",70,69.190972951476,0.809027048523973,FALSE
"392",100,105.043273454019,5.04327345401926,FALSE
"393",103,98.4852198104051,4.51478018959486,FALSE
"394",78,83.0033038042545,5.00330380425454,FALSE
"395",94,96.0078045854094,2.00780458540943,FALSE
"396",67,64.2447323482904,2.75526765170962,FALSE
"397",75,71.5024765186417,3.49752348135831,FALSE
"398",96,93.9813759218129,2.01862407818707,FALSE
"399",97,96.1000570077025,0.899942992297483,FALSE
"400",72,68.0579962313997,3.94200376860034,FALSE
"401",69,68.2932727275545,0.706727272445491,FALSE
"402",64,65.1923757936988,1.19237579369877,FALSE
"403",97,97.5152619321597,0.51526193215966,FALSE
"404",64,72.2153600616991,8.21536006169906,FALSE
"405",77,79.8561863324063,2.85618633240631,FALSE
"406",74,72.2020072835247,1.79799271647532,FALSE
"407",63,64.6207039147091,1.62070391470914,FALSE
"408",68,68.5326989794102,0.532698979410227,FALSE
"409",97,97.7469841258332,0.74698412583318,FALSE
"410",98,98.5277189087065,0.527718908706547,FALSE
"411",87,83.3065674448385,3.69343255516152,FALSE
"412",77,78.5217666803768,1.52176668037681,FALSE
"413",78,78.5122555786117,0.512255578611715,FALSE
"414",74,73.3528484126456,0.647151587354415,FALSE
"415",79,75.4687454017617,3.53125459823828,FALSE
"416",86,82.3327329983508,3.66726700164917,FALSE
"417",75,76.1227275562202,1.12272755622021,FALSE
"418",69,66.4101936582702,2.5898063417298,FALSE
"419",95,91.8673755137554,3.13262448624464,FALSE
"420",84,81.2966969017144,2.70330309828562,FALSE
"421",85,79.516030687309,5.48396931269096,FALSE
"422",65,66.9145050337292,1.9145050337292,FALSE
"423",106,107.986185313656,1.98618531365645,FALSE
"424",79,83.3381427437143,4.33814274371433,FALSE
"425",92,98.2087505297672,6.20875052976717,FALSE
"426",90,88.1204783119614,1.87952168803859,FALSE
"427",80,73.0982733904301,6.90172660956988,FALSE
"428",77,78.4561962538294,1.45619625382942,FALSE
"429",89,91.4650974875072,2.46509748750718,FALSE
"430",77,77.9101098051432,0.910109805143207,FALSE
"431",65,67.4325813865032,2.4325813865032,FALSE
"432",54,55.9118555030557,1.91185550305568,FALSE
"433",102,106.878564559757,4.87856455975717,FALSE
"434",72,62.2869125264602,9.7130874735398,FALSE
"435",83,79.1376737633827,3.86232623661732,FALSE
"436",74,70.1835375110656,3.81646248893441,FALSE
"437",70,71.3129269977779,1.31292699777792,FALSE
"438",65,68.0665950797424,3.06659507974237,FALSE
"439",88,85.4987648923875,2.5012351076125,FALSE
"440",114,110.374037576865,3.62596242313533,FALSE
"441",74,72.41605519594,1.58394480405995,FALSE
"442",75,70.8370005889762,4.16299941102379,FALSE
"443",69,73.9582873735213,4.95828737352134,FALSE
"444",98,93.1525127970369,4.84748720296309,FALSE
"445",76,80.3045010648653,4.30450106486526,FALSE
"446",89,88.6915642299166,0.308435770083378,FALSE
"447",83,83.2063623260622,0.206362326062234,FALSE
"448",63,69.2592083799821,6.25920837998214,FALSE
"449",88,89.7295258797938,1.72952587979378,FALSE
"450",88,85.2604594279756,2.7395405720244,FALSE
"451",84,81.8534595522566,2.1465404477434,FALSE
"452",101,104.381217931843,3.38121793184294,FALSE
"453",98,96.8413207948611,1.15867920513892,FALSE
"454",78,79.7376240677142,1.73762406771424,FALSE
"455",68,73.6147634494253,5.61476344942533,FALSE
"456",80,74.204222296296,5.79577770370399,FALSE
"457",76,70.3762315161977,5.62376848380228,FALSE
"458",86,87.6509776844815,1.65097768448148,FALSE
"459",83,80.8290702191512,2.17092978084879,FALSE
"460",79,78.8127266964638,0.187273303536216,FALSE
"461",92,90.0624069294876,1.93759307051242,FALSE
"462",84,94.8176902099653,10.8176902099653,FALSE
"463",67,72.5346229842897,5.53462298428971,FALSE
"464",88,89.0963348218433,1.0963348218433,FALSE
"465",78,74.4609131256551,3.53908687434489,FALSE
"466",68,71.1512942456974,3.15129424569739,FALSE
"467",78,76.9325767193775,1.06742328062255,FALSE
"468",88,85.1583771990316,2.84162280096837,FALSE
"469",96,101.922983090987,5.9229830909872,FALSE
"470",65,63.6380806468044,1.36191935319557,FALSE
"471",68,64.2048421789734,3.79515782102656,FALSE
"472",79,76.7906498375251,2.20935016247491,FALSE
"473",76,69.7509090852432,6.24909091475676,FALSE
"474",90,93.3762434641158,3.3762434641158,FALSE
"475",90,83.2851578657328,6.7148421342672,FALSE
"476",73,78.6421577204954,5.64215772049543,FALSE
"477",77,78.3066264468175,1.30662644681752,FALSE
"478",76,76.9434443059169,0.943444305916927,FALSE
"479",96,94.6603197546658,1.33968024533416,FALSE
"480",88,88.7436750413647,0.743675041364668,FALSE
"481",85,79.2503447681537,5.74965523184632,FALSE
"482",70,63.4338587404719,6.56614125952812,FALSE
"483",76,78.6548754562121,2.65487545621207,FALSE
"484",85,88.5130144885164,3.51301448851638,FALSE
"485",81,80.2625225866106,0.737477413389414,FALSE
"486",99,100.353632952791,1.35363295279079,FALSE
"487",83,77.9640746037141,5.03592539628593,FALSE
"488",53,50.0083255346361,2.99167446536387,FALSE
"489",80,78.9434901983522,1.05650980164779,FALSE
"490",82,75.5444000751974,6.4555999248026,FALSE
"491",75,75.0929998787948,0.092999878794771,FALSE
"492",90,88.8998411743636,1.10015882563644,FALSE
"493",80,78.1570806673273,1.84291933267268,FALSE
"494",78,75.8953362987118,2.10466370128816,FALSE
"495",88,86.3232617171377,1.67673828286232,FALSE
"496",71,76.6913794091988,5.6913794091988,FALSE
"497",92,90.3103489644203,1.68965103557969,FALSE
"498",78,76.142671804938,1.85732819506202,FALSE
"499",67,67.8351834387472,0.835183438747237,FALSE
"500",73,73.5323333450996,0.532333345099644,FALSE
"501",91,92.0779749452015,1.07797494520152,FALSE
"502",85,87.086478713398,2.08647871339802,FALSE
"503",68,68.6212856813355,0.621285681335493,FALSE
"504",88,89.2787454574825,1.27874545748247,FALSE
"505",90,96.4400372188404,6.44003721884043,FALSE
"506",74,76.0780832612165,2.07808326121651,FALSE
"507",104,103.849939611438,0.150060388561968,FALSE
"508",85,83.4526094118734,1.5473905881266,FALSE
"509",80,79.6694236473056,0.330576352694365,FALSE
"510",71,72.0683968127935,1.06839681279349,FALSE
"511",84,80.5277204396171,3.47227956038293,FALSE
"512",94,95.0602540336432,1.06025403364322,FALSE
"513",73,73.7797132848118,0.779713284811791,FALSE
"514",76,76.9128702920971,0.912870292097068,FALSE
"515",67,60.626160632073,6.37383936792696,FALSE
"516",85,84.1727239343669,0.827276065633114,FALSE
"517",64,67.0252254790056,3.02522547900561,FALSE
"518",85,88.4397716492786,3.43977164927864,FALSE
"519",84,78.9751743488659,5.02482565113414,FALSE
"520",81,81.1758911320883,0.175891132088253,FALSE
"521",69,73.3297440352787,4.32974403527872,FALSE
"522",71,67.3195773667081,3.68042263329188,FALSE
"523",94,84.0615409603779,9.93845903962206,FALSE
"524",59,73.5948199682517,14.5948199682517,FALSE
"525",88,85.5824003411049,2.41759965889514,FALSE
"526",68,67.949614552532,0.0503854474679741,FALSE
"527",97,93.667929433219,3.33207056678096,FALSE
"528",75,70.9390621047187,4.06093789528131,FALSE
"529",61,71.4637383831061,10.4637383831061,FALSE
"530",82,80.611660933646,1.38833906635402,FALSE
"531",103,95.2448870966329,7.75511290336706,FALSE
"532",87,80.232919389657,6.76708061034297,FALSE
"533",86,86.8804105878666,0.880410587866635,FALSE
"534",95,92.9437898219321,2.05621017806794,FALSE
"535",98,93.3741079964743,4.62589200352566,FALSE
"536",89,85.231077926299,3.76892207370103,FALSE
"537",73,73.7788156930941,0.778815693094103,FALSE
"538",72,71.3094704265086,0.690529573491403,FALSE
"539",78,77.8500853641826,0.14991463581741,FALSE
"540",86,83.5458095557022,2.45419044429781,FALSE
"541",90,85.0951425519077,4.90485744809232,FALSE
"542",76,73.5136886798962,2.48631132010384,FALSE
"543",75,78.860484125966,3.86048412596597,FALSE
"544",81,74.8116923810609,6.18830761893909,FALSE
"545",72,75.2695171800524,3.26951718005242,FALSE
"546",63,72.486286818524,9.48628681852395,FALSE
"547",92,90.9573954487197,1.04260455128028,FALSE
"548",90,87.8876955051272,2.11230449487276,FALSE
"549",87,86.0416420866962,0.958357913303757,FALSE
"550",72,74.9154972390718,2.91549723907177,FALSE
"551",76,79.0602169196783,3.06021691967833,FALSE
"552",96,91.2846177728748,4.71538222712519,FALSE
"553",70,76.6407375304175,6.6407375304175,FALSE
"554",96,93.9347823688303,2.06521763116969,FALSE
"555",82,79.6048941523692,2.39510584763079,FALSE
"556",64,69.9865191419844,5.98651914198443,FALSE
"557",72,73.8560464965056,1.85604649650564,FALSE
"558",83,83.2098256798267,0.209825679826707,FALSE
"559",77,74.0155804918727,2.98441950812732,FALSE
"560",96,92.5039123206495,3.49608767935054,FALSE
"561",94,91.7902694309046,2.20973056909537,FALSE
"562",67,70.652847854994,3.65284785499395,FALSE
"563",84,81.8897072536342,2.11029274636579,FALSE
"564",81,80.4326954309336,0.567304569066408,FALSE
"565",77,75.1333775788919,1.86662242110812,FALSE
"566",87,86.2219633877583,0.778036612241721,FALSE
"567",74,80.5517692627249,6.55176926272486,FALSE
"568",57,63.8235075745791,6.82350757457907,FALSE
"569",84,81.2453716540323,2.75462834596766,FALSE
"570",65,69.5510070628098,4.5510070628098,FALSE
"571",82,80.2261409798364,1.77385902016363,FALSE
"572",93,88.6502593014671,4.34974069853294,FALSE
"573",83,83.3504962217466,0.35049622174661,FALSE
"574",95,95.3927525614673,0.392752561467319,FALSE
"575",71,73.2268486239859,2.22684862398594,FALSE
"576",77,79.0200963932932,2.02009639329316,FALSE
"577",71,70.8805055638872,0.119494436112831,FALSE
"578",84,77.5301009017787,6.46989909822126,FALSE
"579",78,74.9858862793743,3.01411372062566,FALSE
"580",98,96.8966512698951,1.10334873010487,FALSE
"581",84,78.9098050955052,5.09019490449481,FALSE
"582",83,82.3478219256931,0.652178074306931,FALSE
"583",75,76.0112331303653,1.01123313036533,FALSE
"584",84,79.7074503181368,4.29254968186322,FALSE
"585",85,80.5185509117558,4.48144908824416,FALSE
"586",91,91.8891269195715,0.88912691957151,FALSE
"587",65,67.6048015096507,2.60480150965067,FALSE
"588",76,76.9920932886898,0.992093288689844,FALSE
"589",88,89.2089905866312,1.20899058663116,FALSE
"590",80,79.0549867571958,0.945013242804208,FALSE
"591",77,72.3134873113703,4.6865126886297,FALSE
"592",94,84.4593678931737,9.54063210682631,FALSE
"593",91,93.2438619492729,2.24386194927294,FALSE
"594",77,78.9071290010064,1.90712900100642,FALSE
"595",79,79.8834658962911,0.883465896291113,FALSE
"596",75,72.8012160425637,2.19878395743633,FALSE
"597",75,79.5307562061638,4.5307562061638,FALSE
"598",86,83.0103795793489,2.98962042065106,FALSE
"599",74,76.5562486911937,2.55624869119366,FALSE
"600",74,74.7711170102936,0.771117010293608,FALSE
"601",85,85.846044408095,0.84604440809504,FALSE
"602",91,94.1729725257185,3.17297252571848,FALSE
"603",67,67.3035521508193,0.303552150819257,FALSE
"604",103,97.7838351138676,5.21616488613242,FALSE
"605",77,72.2182014952389,4.78179850476113,FALSE
"606",95,95.919185161248,0.919185161247981,FALSE
"607",75,80.0501988148859,5.05019881488593,FALSE
"608",77,77.1075927680163,0.107592768016303,FALSE
"609",85,80.6324514745473,4.36754852545266,FALSE
"610",70,71.5209438082169,1.5209438082169,FALSE
"611",83,78.2438393441477,4.75616065585228,FALSE
"612",86,89.8930377321547,3.89303773215474,FALSE
"613",63,70.9330685834977,7.93306858349774,FALSE
"614",87,81.6114136852362,5.38858631476384,FALSE
"615",83,83.2311469350257,0.231146935025663,FALSE
"616",91,88.7810370466283,2.21896295337174,FALSE
"617",93,92.2313390773482,0.768660922651776,FALSE
"618",69,74.1157547063493,5.11575470634928,FALSE
"619",75,74.8329384492208,0.167061550779181,FALSE
"620",73,76.2754544661209,3.27545446612089,FALSE
"621",59,61.7912557485664,2.79125574856644,FALSE
"622",86,76.6927160412405,9.30728395875953,FALSE
"623",92,84.6863671448382,7.31363285516179,FALSE
"624",77,81.1747836797622,4.17478367976224,FALSE
"625",81,82.0163962802872,1.0163962802872,FALSE
"626",80,80.129728222514,0.129728222513961,FALSE
"627",81,80.2770149368398,0.722985063160195,FALSE
"628",87,88.1049496456122,1.10494964561222,FALSE
"629",74,71.1649076002218,2.83509239977822,FALSE
"630",99,95.8996499443347,3.10035005566529,FALSE
"631",67,71.0179690873283,4.01796908732834,FALSE
"632",74,76.7136437031392,2.71364370313924,FALSE
"633",89,81.7601635437405,7.23983645625952,FALSE
"634",73,76.8724890358468,3.87248903584684,FALSE
"635",92,92.0403897700621,0.0403897700621485,FALSE
"636",86,83.3170815471577,2.68291845284229,FALSE
"637",83,78.6930954099855,4.30690459001447,FALSE
"638",89,92.4484000462834,3.44840004628338,FALSE
"639",54,62.4808743573929,8.48087435739291,FALSE
"640",54,59.1119777140999,5.11197771409992,FALSE
"641",89,96.3175004954123,7.31750049541233,FALSE
"642",75,74.2295776491773,0.770422350822713,FALSE
"643",77,77.6299071436195,0.629907143619477,FALSE
"644",71,68.2838941010617,2.71610589893832,FALSE
"645",87,83.781449516386,3.218550483614,FALSE
"646",78,74.5083932329615,3.49160676703848,FALSE
"647",88,83.7657928950682,4.23420710493184,FALSE
"648",82,78.5663849823839,3.43361501761609,FALSE
"649",84,84.7885463358524,0.788546335852374,FALSE
"650",94,91.1237685161965,2.87623148380348,FALSE
"651",87,85.7253861378221,1.27461386217792,FALSE
"652",91,88.6819020948695,2.31809790513051,FALSE
"653",81,84.3363511975675,3.33635119756745,FALSE
"654",100,100.216077895651,0.216077895650557,FALSE
"655",85,80.6263998236425,4.37360017635746,FALSE
"656",104,98.1168559766517,5.88314402334834,FALSE
"657",65,67.7140632821843,2.71406328218426,FALSE
"658",85,82.4079364370627,2.59206356293728,FALSE
"659",83,80.8005913443696,2.19940865563044,FALSE
"660",68,73.3195480084544,5.31954800845439,FALSE
"661",83,83.6438607958414,0.64386079584142,FALSE
"662",76,74.8636006028192,1.13639939718081,FALSE
"663",70,70.9710291272725,0.971029127272516,FALSE
"664",87,88.0253642386662,1.02536423866624,FALSE
"665",69,71.936749469122,2.93674946912205,FALSE
"666",67,67.0279162625162,0.0279162625161575,FALSE
"667",78,80.963676230172,2.96367623017204,FALSE
"668",75,76.2866992220166,1.28669922201661,FALSE
"669",76,73.7483908916342,2.25160910836583,FALSE
"670",77,80.4864581379067,3.48645813790669,FALSE
"671",84,83.0386209023125,0.961379097687484,FALSE
"672",61,60.970406425796,0.0295935742039859,FALSE
"673",98,99.4143981290943,1.41439812909434,FALSE
"674",76,77.6091917926102,1.60919179261018,FALSE
"675",83,83.2320036140755,0.232003614075467,FALSE
"676",73,76.6858634042896,3.68586340428956,FALSE
"677",91,82.9946402828464,8.00535971715364,FALSE
"678",85,82.3347791339179,2.66522086608208,FALSE
"679",91,81.7210918040631,9.27890819593694,FALSE
"680",92,91.3175366675198,0.682463332480197,FALSE
"681",89,82.671939305483,6.32806069451701,FALSE
"682",81,81.5021929392479,0.502192939247934,FALSE
"683",80,76.7189640252842,3.28103597471585,FALSE
"684",80,78.3519523278112,1.64804767218884,FALSE
"685",65,71.5788742736838,6.57887427368384,FALSE
"686",78,77.0300587572817,0.969941242718292,FALSE
"687",90,95.9265208868978,5.92652088689782,FALSE
"688",95,90.2500602140771,4.74993978592286,FALSE
"689",75,77.139420251707,2.13942025170698,FALSE
"690",96,97.3119984108862,1.31199841088616,FALSE
"691",72,71.4873615089469,0.512638491053082,FALSE
"692",73,75.6607903057471,2.66079030574706,FALSE
"693",95,91.2269921687255,3.77300783127447,FALSE
"694",92,94.0006700136367,2.00067001363669,FALSE
"695",70,70.5876952814139,0.587695281413914,FALSE
"696",72,74.8012241209679,2.80122412096786,FALSE
"697",86,80.7112978481595,5.28870215184047,FALSE
"698",84,78.8899245661993,5.11007543380074,FALSE
"699",87,87.7967933522545,0.796793352254539,FALSE
"700",96,93.8161694216335,2.18383057836648,FALSE
"701",76,79.4040356676152,3.4040356676152,FALSE
"702",73,76.5816119936016,3.58161199360156,FALSE
"703",77,74.034397665195,2.96560233480501,FALSE
"704",71,72.2206374428868,1.22063744288675,FALSE
"705",78,75.8080633480115,2.19193665198853,FALSE
"706",108,101.830816189205,6.16918381079492,FALSE
"707",90,85.8342168820634,4.16578311793657,FALSE
"708",76,76.9026309470293,0.902630947029294,FALSE
"709",86,81.7845832721484,4.21541672785159,FALSE
"710",64,76.7347264309126,12.7347264309126,FALSE
"711",74,74.7718044886742,0.771804488674206,FALSE
"712",67,69.6298915308437,2.62989153084365,FALSE
"713",83,86.789298629902,3.78929862990201,FALSE
"714",79,77.7968433229288,1.20315667707122,FALSE
"715",87,83.1976186334345,3.80238136656554,FALSE
"716",86,87.0757184131203,1.07571841312027,FALSE
"717",66,66.4544041575945,0.454404157594524,FALSE
"718",83,84.3432040365727,1.3432040365727,FALSE
"719",81,88.2473084144026,7.24730841440262,FALSE
"720",90,82.3584060908207,7.64159390917933,FALSE
"721",77,76.4788056174743,0.521194382525664,FALSE
"722",85,81.3635372754349,3.63646272456506,FALSE
"723",89,81.1192930395552,7.88070696044484,FALSE
"724",60,67.1141011984591,7.11410119845905,FALSE
"725",84,84.5015770142405,0.501577014240496,FALSE
"726",83,81.1931011467119,1.80689885328815,FALSE
"727",91,89.1979146726978,1.80208532730217,FALSE
"728",95,94.8866851723412,0.113314827658783,FALSE
"729",71,68.9156297490843,2.08437025091568,FALSE
"730",77,73.9444387332,3.05556126680004,FALSE
"731",84,79.8950799027375,4.10492009726246,FALSE
"732",98,91.681142193715,6.318857806285,FALSE
"733",97,95.3420625192935,1.65793748070652,FALSE
"734",77,76.6479686144709,0.352031385529074,FALSE
"735",75,79.9413936950424,4.94139369504242,FALSE
"736",57,67.3920925425045,10.3920925425045,FALSE
"737",83,82.7368450906887,0.263154909311282,FALSE
"738",74,71.9453545909889,2.05464540901114,FALSE
"739",62,70.1207869799566,8.12078697995659,FALSE
"740",101,97.8289806703072,3.17101932969283,FALSE
"741",62,65.706495936366,3.70649593636595,FALSE
"742",99,101.238915396452,2.23891539645189,FALSE
"743",80,78.173760016392,1.82623998360805,FALSE
"744",85,82.2542120280532,2.74578797194684,FALSE
"745",86,84.8173214988757,1.18267850112429,FALSE
"746",81,79.9974992143654,1.00250078563457,FALSE
"747",96,93.7153481820259,2.28465181797409,FALSE
"748",74,75.6900700826816,1.69007008268164,FALSE
"749",70,68.9055487306646,1.09445126933544,FALSE
"750",75,78.851626491779,3.85162649177902,FALSE
"751",104,100.830307294241,3.16969270575873,FALSE
"752",80,85.2216387996589,5.22163879965888,FALSE
"753",84,85.1173319577551,1.11733195775508,FALSE
"754",79,78.7621335954389,0.237866404561089,FALSE
"755",67,71.3826665193361,4.3826665193361,FALSE
"756",81,80.3587337236406,0.641266276359403,FALSE
"757",78,81.3419340924599,3.34193409245991,FALSE
"758",90,78.0163391152605,11.9836608847395,FALSE
"759",87,87.1877603680652,0.187760368065156,FALSE
"760",77,74.9741069999644,2.02589300003564,FALSE
"761",81,83.4912769139742,2.49127691397416,FALSE
"762",75,84.8859000703347,9.88590007033466,FALSE
"763",92,87.2285318821187,4.77146811788127,FALSE
"764",74,71.9565235150248,2.0434764849752,FALSE
"765",66,68.3977561029234,2.39775610292338,FALSE
"766",84,79.8869959941429,4.11300400585711,FALSE
"767",69,74.5274088435022,5.52740884350222,FALSE
"768",89,86.2457843886153,2.75421561138469,FALSE
"769",88,89.7360419610307,1.73604196103072,FALSE
"770",98,97.4228713025198,0.577128697480248,FALSE
"771",78,76.2115054165299,1.78849458347013,FALSE
"772",70,74.7235013435677,4.72350134356775,FALSE
"773",71,78.9242944685285,7.92429446852847,FALSE
"774",99,98.3434775454015,0.656522454598544,FALSE
"775",74,72.2513029168227,1.74869708317732,FALSE
"776",70,72.1322759303977,2.13227593039771,FALSE
"777",92,90.3904245520721,1.6095754479279,FALSE
"778",85,80.4210518258017,4.57894817419827,FALSE
"779",79,74.5552303726821,4.4447696273179,FALSE
"780",91,90.5750166638776,0.424983336122381,FALSE
"781",87,85.4726271927201,1.52737280727992,FALSE
"782",70,70.1043957236808,0.104395723680767,FALSE
"783",82,83.9186664096092,1.91866640960916,FALSE
"784",68,70.6095307114258,2.60953071142583,FALSE
"785",91,86.441189912912,4.55881008708803,FALSE
"786",74,72.8815896382537,1.11841036174626,FALSE
"787",90,88.8157030566215,1.18429694337854,FALSE
"788",84,81.8019792720616,2.19802072793837,FALSE
"789",81,79.6547324935307,1.34526750646931,FALSE
"790",60,64.9242065893427,4.92420658934275,FALSE
"791",79,78.9629515705979,0.0370484294020912,FALSE
"792",79,77.7754538264186,1.22454617358136,FALSE
"793",77,83.5816813504927,6.58168135049274,FALSE
"794",89,87.0528106311142,1.94718936888583,FALSE
"795",89,87.6711556407023,1.32884435929766,FALSE
"796",94,89.1280851562997,4.87191484370032,FALSE
"797",89,84.0649078929466,4.93509210705335,FALSE
"798",93,98.8807032904178,5.88070329041776,FALSE
"799",73,76.7649992708077,3.76499927080769,FALSE
"800",87,86.8369498174271,0.163050182572931,FALSE
"801",61,70.8648844802824,9.86488448028237,FALSE
"802",78,74.3715770606975,3.62842293930254,FALSE
"803",83,85.1459344563845,2.14593445638452,FALSE
"804",77,76.1592783958122,0.840721604187763,FALSE
"805",90,86.5337692865478,3.46623071345222,FALSE
"806",88,87.6632575219337,0.33674247806627,FALSE
"807",95,98.8162434000348,3.81624340003482,FALSE
"808",60,66.6586299066044,6.6586299066044,FALSE
"809",86,88.0692020628831,2.06920206288305,FALSE
"810",65,69.5226428833213,4.52264288332128,FALSE
"811",79,80.1889346004706,1.18893460047062,FALSE
"812",68,67.5854543072332,0.414545692766779,FALSE
"813",89,81.3211914039919,7.67880859600811,FALSE
"814",84,83.1092467082894,0.890753291710638,FALSE
"815",81,80.6480363431,0.35196365690004,FALSE
"816",76,75.1127765305539,0.887223469446099,FALSE
"817",87,79.0828282624798,7.91717173752016,FALSE
"818",92,90.3625044577862,1.6374955422138,FALSE
"819",64,66.4097686265877,2.40976862658766,FALSE
"820",78,76.3097185450287,1.69028145497133,FALSE
"821",81,77.9055665525715,3.09443344742854,FALSE
"822",100,94.766906630584,5.23309336941604,FALSE
"823",83,79.5879460890422,3.41205391095781,FALSE
"824",65,69.8876444122643,4.88764441226428,FALSE
"825",64,70.2124894730324,6.21248947303239,FALSE
"826",70,69.313401548408,0.686598451591976,FALSE
"827",89,83.982693053211,5.01730694678901,FALSE
"828",79,72.2943173652682,6.70568263473177,FALSE
"829",84,86.2077980524895,2.20779805248954,FALSE
"830",93,90.8094346013103,2.19056539868971,FALSE
"831",97,92.9036554730328,4.09634452696721,FALSE
"832",92,88.0642554519741,3.93574454802589,FALSE
"833",86,92.686428441511,6.68642844151104,FALSE
"834",77,75.0287567545972,1.97124324540276,FALSE
"835",90,86.4949787419265,3.50502125807347,FALSE
"836",67,71.7184635645409,4.7184635645409,FALSE
"837",103,99.7043109923496,3.2956890076504,FALSE
"838",83,84.5321128148267,1.53211281482672,FALSE
"839",91,92.2707670719142,1.27076707191418,FALSE
"840",83,82.6816802243952,0.318319775604834,FALSE
"841",73,75.1236404197893,2.12364041978933,FALSE
"842",59,64.3313806035344,5.3313806035344,FALSE
"843",75,74.4246348741546,0.57536512584538,FALSE
"844",74,82.4507389920183,8.45073899201827,FALSE
"845",76,80.9820148531533,4.98201485315334,FALSE
"846",67,68.8869084502129,1.88690845021291,FALSE
"847",66,70.6657871329888,4.6657871329888,FALSE
"848",102,98.5821511490442,3.41784885095585,FALSE
"849",91,91.7913684294546,0.791368429454607,FALSE
"850",88,93.3686584599925,5.36865845999247,FALSE
"851",80,80.7977599803808,0.797759980380761,FALSE
"852",73,78.2601475603326,5.2601475603326,FALSE
"853",90,92.9809083538175,2.98090835381748,FALSE
"854",81,74.7250852090742,6.27491479092576,FALSE
"855",84,82.8625326138234,1.13746738617658,FALSE
"856",89,80.6664180191018,8.33358198089819,FALSE
"857",85,82.15797399593,2.84202600406996,FALSE
"858",79,82.6491280299587,3.64912802995873,FALSE
"859",95,88.71956882939,6.28043117061003,FALSE
"860",82,83.4734168581621,1.4734168581621,FALSE
"861",95,91.1317339252881,3.8682660747119,FALSE
"862",63,70.7355155260975,7.73551552609749,FALSE
"863",89,85.4012879289634,3.59871207103663,FALSE
"864",54,54.4527376765864,0.452737676586352,FALSE
"865",84,78.7549323780728,5.24506762192722,FALSE
"866",98,96.5787331366244,1.42126686337565,FALSE
"867",68,72.6382974259583,4.63829742595826,FALSE
"868",67,70.9610583038989,3.96105830389888,FALSE
"869",71,72.5421861026879,1.54218610268794,FALSE
"870",86,84.2603228241234,1.73967717587655,FALSE
"871",83,85.3109503334812,2.31095033348116,FALSE
"872",53,57.9098250196126,4.90982501961263,FALSE
"873",69,67.5650093662854,1.43499063371461,FALSE
"874",90,83.8503836697627,6.14961633023728,FALSE
"875",99,93.6766465080879,5.32335349191209,FALSE
"876",87,82.3450549086578,4.65494509134219,FALSE
"877",79,74.3053131811256,4.69468681887439,FALSE
"878",71,71.7605350776553,0.760535077655348,FALSE
"879",92,82.1538267170046,9.84617328299541,FALSE
"880",69,74.7782601260625,5.77826012606246,FALSE
"881",86,86.2181634931031,0.218163493103148,FALSE
"882",74,77.8591436318437,3.85914363184368,FALSE
"883",92,95.409481215125,3.40948121512498,FALSE
"884",95,97.8298155415499,2.82981554154986,FALSE
"885",93,94.7657472593775,1.76574725937751,FALSE
"886",73,79.816514586794,6.81651458679403,FALSE
"887",76,83.0523379639288,7.05233796392876,FALSE
"888",66,72.8318485483947,6.8318485483947,FALSE
"889",100,98.2069221245995,1.7930778754005,FALSE
"890",69,67.5574663262823,1.44253367371772,FALSE
"891",90,96.8458979455418,6.84589794554176,FALSE
"892",88,84.4043330470328,3.59566695296719,FALSE
"893",84,80.2413658827981,3.75863411720191,FALSE
"894",56,59.582324731071,3.58232473107098,FALSE
"895",89,83.4016715859553,5.59832841404472,FALSE
"896",69,75.5536363045854,6.55363630458544,FALSE
"897",87,86.1521969335758,0.847803066424206,FALSE
"898",59,63.6580470653917,4.65804706539167,FALSE
"899",61,60.078276077906,0.921723922093989,FALSE
"900",97,86.0601469282342,10.9398530717658,FALSE
"901",97,94.0122274859062,2.98777251409376,FALSE
"902",74,79.2481502633144,5.24815026331437,FALSE
"903",81,76.1634764790396,4.83652352096036,FALSE
"904",90,86.9881806965558,3.01181930344416,FALSE
"905",88,87.804766719116,0.195233280884025,FALSE
"906",71,74.490629563296,3.49062956329601,FALSE
"907",74,77.587177898016,3.58717789801602,FALSE
"908",81,83.5258772813794,2.52587728137944,FALSE
"909",102,101.375666819855,0.624333180144561,FALSE
"910",98,100.713497622838,2.71349762283789,FALSE
"911",67,70.0924598200434,3.09245982004336,FALSE
"912",84,86.4993158104442,2.49931581044417,FALSE
"913",75,75.2323256777081,0.232325677708104,FALSE
"914",64,73.7421083261399,9.7421083261399,FALSE
"915",100,101.051471036456,1.05147103645643,FALSE
"916",63,66.845216562173,3.84521656217302,FALSE
"917",101,102.082175728434,1.08217572843358,FALSE
"918",96,87.2561597912737,8.74384020872634,FALSE
"919",69,66.9588594931365,2.04114050686353,FALSE
"920",64,60.3085049078416,3.69149509215836,FALSE
"921",75,77.3040456675533,2.3040456675533,FALSE
"922",83,84.079904812681,1.07990481268101,FALSE
"923",94,90.3969248184669,3.60307518153306,FALSE
"924",54,60.8620660467857,6.86206604678574,FALSE
"925",70,72.2091033785681,2.20910337856807,FALSE
"926",88,82.7258939215995,5.27410607840052,FALSE
"927",83,86.0146225546002,3.01462255460021,FALSE
"928",76,72.8808361807948,3.1191638192052,FALSE
"929",75,69.9368172104246,5.06318278957544,FALSE
"930",64,65.9129700138828,1.91297001388276,FALSE
"931",102,103.873406418421,1.87340641842144,FALSE
"932",81,79.4609701375839,1.53902986241613,FALSE
"933",74,71.5175528688292,2.48244713117077,FALSE
"934",80,77.1677763259491,2.83222367405085,FALSE
"935",90,93.8901121547946,3.89011215479461,FALSE
"936",92,86.3532202339169,5.64677976608306,FALSE
"937",66,72.5926185041201,6.59261850412005,FALSE
"938",85,82.8209717115811,2.17902828841891,FALSE
"939",55,62.5937048038396,7.5937048038396,FALSE
"940",86,87.7804781734541,1.7804781734541,FALSE
"941",97,95.5409214940216,1.45907850597843,FALSE
"942",87,87.2937779958457,0.293777995845673,FALSE
"943",101,104.309490536358,3.30949053635774,FALSE
"944",92,87.4337306766484,4.56626932335163,FALSE
"945",73,72.1620859518316,0.837914048168358,FALSE
"946",74,72.1326943443267,1.86730565567328,FALSE
"947",72,76.5866418706242,4.58664187062425,FALSE
"948",76,76.8964409595804,0.896440959580389,FALSE
"949",67,66.0941895656704,0.905810434329595,FALSE
"950",90,90.7346180081403,0.734618008140316,FALSE
"951",95,90.1245163655048,4.8754836344952,FALSE
"952",72,70.1041198488943,1.8958801511057,FALSE
"953",75,68.9308067681297,6.0691932318703,FALSE
"954",75,75.425535945595,0.425535945594959,FALSE
"955",108,105.867379501217,2.13262049878307,FALSE
"956",79,78.1641000317896,0.835899968210413,FALSE
"957",57,60.5975267061321,3.59752670613209,FALSE
"958",64,75.4927101492165,11.4927101492165,FALSE
"959",91,86.4847970271571,4.5152029728429,FALSE
"960",88,91.244111335257,3.24411133525705,FALSE
"961",68,70.4231147846179,2.42311478461788,FALSE
"962",76,77.6397519820136,1.63975198201359,FALSE
"963",75,72.5740161396384,2.42598386036155,FALSE
"964",82,82.2572355261605,0.257235526160457,FALSE
"965",83,88.3107818276405,5.31078182764048,FALSE
"966",98,98.9417949947843,0.941794994784289,FALSE
"967",86,84.5742092138211,1.42579078617891,FALSE
"968",92,99.0572013830389,7.05720138303886,FALSE
"969",71,68.9439803909205,2.0560196090795,FALSE
"970",80,78.9115870807782,1.08841291922181,FALSE
"971",82,78.5444027199105,3.45559728008953,FALSE
"972",79,77.7851048633627,1.21489513663734,FALSE
"973",88,89.6679864246213,1.66798642462133,FALSE
"974",91,90.1569683201957,0.843031679804284,FALSE
"975",84,83.5309308669759,0.469069133024135,FALSE
"976",68,77.7943499500577,9.79434995005769,FALSE
"977",66,65.7461699740222,0.253830025977805,FALSE
"978",80,78.1026503905428,1.89734960945724,FALSE
"979",98,93.5018517376094,4.49814826239057,FALSE
"980",77,77.3793685783812,0.37936857838119,FALSE
"981",72,67.3698191914294,4.63018080857063,FALSE
"982",81,83.0490557055851,2.04905570558506,FALSE
"983",77,80.784143267956,3.78414326795601,FALSE
"984",102,104.019477320366,2.01947732036621,FALSE
"985",76,79.4763455459604,3.47634554596041,FALSE
"986",82,81.8275931451034,0.172406854896607,FALSE
"987",79,79.7137313663125,0.713731366312459,FALSE
"988",71,73.7091934915936,2.70919349159362,FALSE
"989",89,84.7044962493034,4.29550375069658,FALSE
"990",90,96.8292375175917,6.82923751759168,FALSE
"991",80,77.9370137675667,2.06298623243332,FALSE
"992",88,93.4840108193004,5.48401081930035,FALSE
"993",60,54.2897756666303,5.71022433336965,FALSE
"994",72,72.3153051765045,0.315305176504523,FALSE
"995",86,82.5541380934307,3.44586190656926,FALSE
"996",83,79.2501859890286,3.74981401097138,FALSE
"997",76,82.8414995754577,6.8414995754577,FALSE
"998",97,102.973529288897,5.97352928889683,FALSE
"999",89,89.1553678711708,0.155367871170839,FALSE
