".rownames","W","W.predict.Low.cor.X.lm","W.predict.Low.cor.X.lm.err","W.predict.Low.cor.X.lm.accurate"
"1000",79,78.535265915575,0.464734084425032,FALSE
"1001",77,77.1233138859939,0.123313885993937,FALSE
"1002",77,75.8749847175522,1.12501528244781,FALSE
"1003",99,93.3840576475983,5.61594235240173,FALSE
"1004",71,66.1402047663199,4.85979523368012,FALSE
"1005",85,78.0703794551943,6.92962054480573,FALSE
"1006",82,82.1438258211216,0.143825821121553,FALSE
"1007",88,81.2574298196962,6.74257018030382,FALSE
"1008",95,92.6509539974498,2.34904600255018,FALSE
"1009",74,78.7704605573772,4.77046055737716,FALSE
"1010",81,85.7683127273206,4.76831272732065,FALSE
"1011",79,77.7620594824878,1.23794051751219,FALSE
"1012",82,83.4325039710405,1.43250397104053,FALSE
"1013",80,84.6003613720983,4.60036137209826,FALSE
"1014",94,95.6982177021995,1.69821770219949,FALSE
"1015",71,73.6053470036982,2.60534700369818,FALSE
"1016",80,82.2505126812874,2.25051268128738,FALSE
"1017",60,58.7917157976546,1.20828420234537,FALSE
"1018",88,84.8236607299133,3.17633927008666,FALSE
"1019",81,85.5136859574127,4.51368595741275,FALSE
"1020",57,58.2440673092462,1.24406730924623,FALSE
"1021",82,75.5715312871405,6.42846871285946,FALSE
"1022",101,102.299680372966,1.29968037296584,FALSE
"1023",85,83.6591523031771,1.34084769682286,FALSE
"1024",76,75.2257828754982,0.774217124501803,FALSE
"1025",83,80.2869212394592,2.71307876054081,FALSE
"1026",79,83.5436767107904,4.54367671079038,FALSE
"1027",79,82.1178829584978,3.11788295849777,FALSE
"1028",60,60.6748854500386,0.67488545003863,FALSE
"1029",91,86.9627628191961,4.03723718080391,FALSE
"1030",79,83.469578512763,4.46957851276301,FALSE
"1031",85,85.2366310214654,0.236631021465357,FALSE
"1032",89,89.1698637771346,0.169863777134566,FALSE
"1033",69,73.8882805314331,4.88828053143305,FALSE
"1034",74,79.3834084647625,5.38340846476254,FALSE
"1035",71,70.4027540641283,0.597245935871726,FALSE
"1036",83,85.5426506680726,2.54265066807262,FALSE
"1037",81,82.0851947192176,1.08519471921758,FALSE
"1038",101,94.1616464849337,6.83835351506633,FALSE
"1039",67,68.2739222463527,1.27392224635268,FALSE
"1040",97,100.377898728244,3.37789872824399,FALSE
"1041",61,69.0393540356732,8.0393540356732,FALSE
"1042",90,87.5620955544136,2.43790444558638,FALSE
"1043",90,85.2812560186991,4.71874398130095,FALSE
"1044",63,68.615854124784,5.61585412478397,FALSE
"1045",76,77.300692057642,1.30069205764195,FALSE
"1046",108,103.352753298608,4.64724670139205,FALSE
"1047",87,87.4184592845661,0.41845928456614,FALSE
"1048",86,81.5144539562955,4.4855460437045,FALSE
"1049",84,93.8566703389375,9.85667033893753,FALSE
"1050",56,61.8859150197942,5.88591501979418,FALSE
"1051",102,90.5870329514064,11.4129670485936,FALSE
"1052",76,78.6881872319646,2.68818723196456,FALSE
"1053",79,74.5414768821923,4.45852311780766,FALSE
"1054",79,78.9984886087566,0.00151139124344013,FALSE
"1055",65,71.7823557386911,6.78235573869108,FALSE
"1056",87,87.5187636100656,0.518763610065562,FALSE
"1057",65,67.4017578164063,2.40175781640629,FALSE
"1058",98,95.3452585857545,2.65474141424548,FALSE
"1059",73,68.7900512845804,4.20994871541959,FALSE
"1060",83,87.8829099260861,4.8829099260861,FALSE
"1061",93,88.4233126262935,4.57668737370648,FALSE
"1062",89,89.99837086035,0.998370860350008,FALSE
"1063",73,67.356276022048,5.64372397795202,FALSE
"1064",89,87.7357207145511,1.26427928544894,FALSE
"1065",63,70.1627903399064,7.16279033990637,FALSE
"1066",86,81.1561447992602,4.84385520073984,FALSE
"1067",76,80.6646157293991,4.66461572939906,FALSE
"1068",70,74.9288681644875,4.92886816448745,FALSE
"1069",93,87.409937141483,5.59006285851703,FALSE
"1070",109,107.901509530446,1.09849046955426,FALSE
"1071",87,81.7153268452087,5.28467315479126,FALSE
"1072",71,69.19069907304,1.80930092696003,FALSE
"1073",92,92.4883724133113,0.488372413311282,FALSE
"1074",68,71.3331222907581,3.33312229075806,FALSE
"1075",89,83.9896183730608,5.01038162693924,FALSE
"1076",62,66.6349495592529,4.63494955925289,FALSE
"1077",90,91.5014257735015,1.50142577350154,FALSE
"1078",81,82.0775628514598,1.07756285145977,FALSE
"1079",69,71.2359708310352,2.23597083103523,FALSE
"1080",85,90.0796680257674,5.07966802576738,FALSE
"1081",97,98.5778194165303,1.5778194165303,FALSE
"1082",52,60.0301331427486,8.03013314274864,FALSE
"1083",100,90.8410985659355,9.15890143406455,FALSE
"1084",80,79.1025400085443,0.897459991455719,FALSE
"1085",88,87.4139237773628,0.586076222637203,FALSE
"1086",63,71.0350261378571,8.03502613785714,FALSE
"1087",88,88.6218590111665,0.621859011166535,FALSE
"1088",52,53.3630015679557,1.36300156795571,FALSE
"1089",64,64.9947707283946,0.994770728394641,FALSE
"1090",90,89.0672632620018,0.932736737998184,FALSE
"1091",87,87.2698404960163,0.269840496016329,FALSE
"1092",86,86.3514740817379,0.351474081737877,FALSE
"1093",81,78.4248843730751,2.57511562692491,FALSE
"1094",91,90.087535627027,0.912464372973005,FALSE
"1095",86,81.812224573125,4.18777542687502,FALSE
"1096",67,69.8472971648766,2.84729716487658,FALSE
"1097",84,81.745706177627,2.254293822373,FALSE
"1098",67,75.4831135906636,8.48311359066356,FALSE
"1099",83,83.0855097745263,0.0855097745262867,FALSE
"1100",86,83.1585484625549,2.8414515374451,FALSE
"1101",103,100.065558286425,2.93444171357523,FALSE
"1102",72,73.8822717662134,1.88227176621344,FALSE
"1103",76,78.0607914793233,2.06079147932331,FALSE
"1104",79,83.3398757492518,4.33987574925183,FALSE
"1105",73,79.5153989060324,6.51539890603237,FALSE
"1106",83,82.6252982978895,0.374701702110457,FALSE
"1107",82,84.4333430488918,2.43334304889183,FALSE
"1108",76,74.3042541775275,1.69574582247247,FALSE
"1109",80,87.0634080194051,7.0634080194051,FALSE
"1110",88,88.9398290350855,0.939829035085495,FALSE
"1111",97,93.0981227478646,3.90187725213539,FALSE
"1112",65,67.1382035844978,2.13820358449784,FALSE
"1113",77,80.5187425883011,3.51874258830107,FALSE
"1114",76,87.6173523148752,11.6173523148752,FALSE
"1115",92,92.2432437136394,0.243243713639359,FALSE
"1116",84,79.4904319824753,4.50956801752469,FALSE
"1117",87,89.2132035288758,2.21320352887584,FALSE
"1118",89,85.9600569424327,3.03994305756729,FALSE
"1119",87,85.8011285374964,1.19887146250358,FALSE
"1120",75,76.1257209309677,1.12572093096773,FALSE
"1121",91,91.2997758397359,0.299775839735901,FALSE
"1122",69,69.483831136866,0.483831136865959,FALSE
"1123",62,68.536059806507,6.53605980650698,FALSE
"1124",73,74.0208073429415,1.02080734294151,FALSE
"1125",91,89.9617799211328,1.0382200788672,FALSE
"1126",61,63.9777309881075,2.9777309881075,FALSE
"1127",72,71.7889571892532,0.211042810746846,FALSE
"1128",82,84.6901857714524,2.69018577145238,FALSE
"1129",81,79.9507908308868,1.0492091691132,FALSE
"1130",91,91.7997779166178,0.799777916617785,FALSE
"1131",101,95.2992674370886,5.70073256291141,FALSE
"1132",76,72.6067753367453,3.3932246632547,FALSE
"1133",85,91.2200515715078,6.22005157150784,FALSE
"1134",97,96.5621310082368,0.43786899176321,FALSE
"1135",72,73.4944915328273,1.49449153282734,FALSE
"1136",80,77.5131741429633,2.48682585703669,FALSE
"1137",59,64.3150451415628,5.31504514156283,FALSE
"1138",83,87.7222782989184,4.72227829891844,FALSE
"1139",76,79.828174925079,3.82817492507897,FALSE
"1140",81,80.4174570425661,0.58254295743393,FALSE
"1141",88,83.2342063528835,4.76579364711645,FALSE
"1142",72,73.0797825152652,1.07978251526515,FALSE
"1143",74,72.702143814064,1.29785618593598,FALSE
"1144",95,93.5487269176408,1.45127308235922,FALSE
"1145",89,89.775911278747,0.775911278747031,FALSE
"1146",66,63.434754013372,2.56524598662797,FALSE
"1147",70,81.1008843731022,11.1008843731022,FALSE
"1148",87,86.9600407994204,0.0399592005795597,FALSE
"1149",92,93.1463525719128,1.14635257191281,FALSE
"1150",93,86.1722675473975,6.82773245260255,FALSE
"1151",83,81.0581362092775,1.94186379072246,FALSE
"1152",71,70.7133813791934,0.286618620806635,FALSE
"1153",94,87.8948669228719,6.10513307712807,FALSE
"1154",62,68.6683017294208,6.66830172942085,FALSE
"1155",75,77.4862286758259,2.48622867582593,FALSE
"1156",72,72.6179976204088,0.617997620408786,FALSE
"1157",95,90.8826444667754,4.11735553322455,FALSE
"1158",89,93.1747518493751,4.17475184937506,FALSE
"1159",87,86.4669150463605,0.533084953639474,FALSE
"1160",89,89.2902793695292,0.290279369529202,FALSE
"1161",65,66.9967510346433,1.9967510346433,FALSE
"1162",59,64.0242193132055,5.02421931320548,FALSE
"1163",97,90.5079186982117,6.49208130178828,FALSE
"1164",102,98.8385557040133,3.16144429598674,FALSE
"1165",86,88.8855167296969,2.88551672969687,FALSE
"1166",50,55.71721466051,5.71721466050995,FALSE
"1167",77,82.236568156504,5.23656815650402,FALSE
"1168",85,80.0175426713282,4.98245732867179,FALSE
"1169",90,91.2390258644227,1.23902586442267,FALSE
"1170",95,90.56730529428,4.43269470572,FALSE
"1171",80,84.5298367022286,4.52983670222862,FALSE
"1172",70,68.1522101333142,1.84778986668582,FALSE
"1173",97,92.9959959383862,4.00400406161384,FALSE
"1174",72,70.3419805318564,1.65801946814359,FALSE
"1175",76,73.6066526586381,2.3933473413619,FALSE
"1176",98,95.9668564572804,2.03314354271961,FALSE
"1177",92,91.17293883006,0.827061169940023,FALSE
"1178",79,81.1034606578099,2.10346065780993,FALSE
"1179",85,83.4883476781753,1.51165232182468,FALSE
"1180",66,68.2352455226506,2.23524552265062,FALSE
"1181",57,59.3939506440765,2.39395064407645,FALSE
"1182",82,81.0476855338773,0.952314466122658,FALSE
"1183",80,86.1702756849412,6.17027568494122,FALSE
"1184",79,87.2908774803646,8.29087748036459,FALSE
"1185",88,86.8451188064988,1.15488119350118,FALSE
"1186",53,60.4208506965298,7.42085069652975,FALSE
"1187",99,97.1902230686164,1.80977693138362,FALSE
"1188",92,87.4939990124538,4.50600098754623,FALSE
"1189",80,84.1005147579945,4.10051475799447,FALSE
"1190",90,88.4572616437523,1.54273835624767,FALSE
"1191",93,87.6137661147779,5.38623388522207,FALSE
"1192",62,65.6209236052597,3.6209236052597,FALSE
"1193",86,83.7377265403064,2.26227345969357,FALSE
"1194",76,77.2124677727741,1.21246777277413,FALSE
"1195",82,80.8486309137731,1.15136908622691,FALSE
"1196",94,95.6062305367396,1.60623053673959,FALSE
"1197",86,86.9455544262148,0.945554426214812,FALSE
"1198",79,74.4872223948824,4.51277760511763,FALSE
"1199",79,80.8353094478039,1.83530944780391,FALSE
"1200",66,63.9141113371924,2.08588866280759,FALSE
"1201",73,72.2876705834831,0.712329416516909,FALSE
"1202",70,74.901029743454,4.90102974345402,FALSE
"1203",99,90.8628218931181,8.13717810688188,FALSE
"1204",91,97.8042172745863,6.80421727458625,FALSE
"1205",84,89.0549620570794,5.05496205707939,FALSE
"1206",51,53.7445511306507,2.74455113065072,FALSE
"1207",104,98.2161054571193,5.78389454288069,FALSE
"1208",87,87.9948721632576,0.994872163257639,FALSE
"1209",74,78.7558524205028,4.75585242050283,FALSE
"1210",88,89.7343209968092,1.73432099680917,FALSE
"1211",93,93.2618531601559,0.261853160155852,FALSE
"1212",56,57.4654242430848,1.46542424308483,FALSE
"1213",77,78.4408943978542,1.44089439785415,FALSE
"1214",76,75.7547471340122,0.245252865987766,FALSE
"1215",59,61.2903711411657,2.29037114116568,FALSE
"1216",85,86.1991739957998,1.1991739957998,FALSE
"1217",98,92.8371076656272,5.16289233437281,FALSE
"1218",80,74.7226116098212,5.27738839017881,FALSE
"1219",85,87.6041285707641,2.60412857076415,FALSE
"1220",64,68.6827154659869,4.68271546598687,FALSE
"1221",72,71.4574737029431,0.542526297056924,FALSE
"1222",86,82.3088964302079,3.69110356979213,FALSE
"1223",102,96.0378589769326,5.96214102306745,FALSE
"1224",91,89.7126855710425,1.28731442895749,FALSE
"1225",86,87.7370806825371,1.73708068253713,FALSE
"1226",40,47.1213781206164,7.12137812061641,FALSE
"1227",96,94.8531704449337,1.14682955506632,FALSE
"1228",81,75.3970835682305,5.6029164317695,FALSE
"1229",93,89.2690298891313,3.73097011086868,FALSE
"1230",103,100.346301779547,2.6536982204528,FALSE
"1231",84,92.3955588512549,8.39555885125492,FALSE
"1232",60,69.457634105788,9.45763410578799,FALSE
"331",75,77.1750652318016,2.17506523180163,FALSE
"332",92,95.2168826818392,3.21688268183917,FALSE
"333",88,89.9349534058844,1.93495340588437,FALSE
"334",63,66.5268696949288,3.52686969492883,FALSE
"335",82,83.4978641969201,1.49786419692008,FALSE
"336",88,88.7372328244582,0.737232824458218,FALSE
"337",83,81.080074510234,1.919925489766,FALSE
"338",66,69.157412708811,3.15741270881099,FALSE
"339",91,88.2455138539018,2.75448614609823,FALSE
"340",73,82.025827484932,9.02582748493198,FALSE
"341",66,65.3428419474674,0.657158052532552,FALSE
"342",76,80.7727611534053,4.77276115340533,FALSE
"343",93,88.6225725173279,4.37742748267206,FALSE
"344",65,67.7236957219715,2.72369572197148,FALSE
"345",86,82.3758463083742,3.62415369162585,FALSE
"346",68,74.1823204143782,6.18232041437817,FALSE
"347",85,81.3855953733372,3.6144046266628,FALSE
"348",68,66.5899372980599,1.41006270194013,FALSE
"349",82,74.039348457571,7.96065154242898,FALSE
"350",95,89.9980088998444,5.00199110015565,FALSE
"351",102,105.127841115266,3.12784111526639,FALSE
"352",86,83.7545189530684,2.2454810469316,FALSE
"353",62,60.5562287552338,1.44377124476615,FALSE
"354",79,78.4300105389732,0.569989461026793,FALSE
"355",116,111.290053667118,4.70994633288167,FALSE
"356",90,86.0375705859567,3.96242941404334,FALSE
"357",93,94.1304450895341,1.13044508953412,FALSE
"358",62,59.0513330486104,2.94866695138961,FALSE
"359",73,72.340905208276,0.659094791723987,FALSE
"360",80,82.3287347371748,2.32873473717476,FALSE
"361",82,79.9906956141941,2.00930438580593,FALSE
"362",85,84.7025175729767,0.297482427023326,FALSE
"363",95,90.6354437759832,4.36455622401678,FALSE
"364",74,68.4813081995355,5.5186918004645,FALSE
"365",85,85.6198066083717,0.619806608371718,FALSE
"366",65,66.4319635582883,1.43196355828829,FALSE
"367",95,94.4164946060228,0.583505393977163,FALSE
"368",85,86.9866586519832,1.98665865198323,FALSE
"369",90,93.9901542424538,3.99015424245381,FALSE
"370",82,87.4376626214056,5.43766262140559,FALSE
"371",79,80.2852353937737,1.28523539377372,FALSE
"372",79,74.0825450749945,4.91745492500552,FALSE
"373",72,79.5796595327624,7.57965953276242,FALSE
"374",77,75.1776064819157,1.82239351808428,FALSE
"375",86,87.9002883939814,1.90028839398137,FALSE
"376",73,72.2539740754414,0.746025924558623,FALSE
"377",69,67.3041194747693,1.69588052523066,FALSE
"378",67,64.0325543873221,2.96744561267788,FALSE
"379",94,87.8343939187754,6.16560608122462,FALSE
"380",87,86.1993346839707,0.800665316029267,FALSE
"381",91,93.8636570543866,2.86365705438656,FALSE
"382",65,68.5238132840254,3.52381328402544,FALSE
"383",69,70.9640727709873,1.96407277098729,FALSE
"384",76,74.4365143012892,1.56348569871081,FALSE
"385",91,93.4695070434177,2.46950704341772,FALSE
"386",97,98.6539721332071,1.65397213320708,FALSE
"387",95,92.4145702705961,2.58542972940391,FALSE
"388",69,69.615703187859,0.615703187858955,FALSE
"389",71,67.5418813085829,3.45811869141707,FALSE
"390",83,75.6706976101808,7.3293023898192,FALSE
"391",70,69.2058961257791,0.794103874220852,FALSE
"392",100,104.299861813719,4.29986181371862,FALSE
"393",103,99.1084544999881,3.89154550001192,FALSE
"394",78,84.2693211725523,6.26932117255227,FALSE
"395",94,92.8305284361557,1.1694715638443,FALSE
"396",67,63.076943857183,3.92305614281699,FALSE
"397",75,71.2282418587663,3.77175814123366,FALSE
"398",96,96.5540031388024,0.554003138802415,FALSE
"399",97,95.3212975456986,1.67870245430142,FALSE
"400",72,67.713897182808,4.28610281719203,FALSE
"401",69,66.8812826477149,2.11871735228507,FALSE
"402",64,64.5463611795302,0.546361179530152,FALSE
"403",97,95.9712509430274,1.02874905697259,FALSE
"404",64,73.6537333178466,9.6537333178466,FALSE
"405",77,81.4041080976261,4.40410809762615,FALSE
"406",74,73.229244440749,0.770755559251043,FALSE
"407",63,64.6245390757048,1.62453907570485,FALSE
"408",68,67.1186888714583,0.881311128541682,FALSE
"409",97,95.4141704676828,1.58582953231723,FALSE
"410",98,97.8488641165071,0.151135883492941,FALSE
"411",87,85.2351382173716,1.7648617826284,FALSE
"412",77,80.0682184193757,3.06821841937574,FALSE
"413",78,79.9688383232421,1.9688383232421,FALSE
"414",74,73.7546110390297,0.24538896097026,FALSE
"415",79,75.7709205918961,3.22907940810391,FALSE
"416",86,84.7125991622346,1.28740083776545,FALSE
"417",75,77.5586258302779,2.55862583027788,FALSE
"418",69,66.3001906058088,2.69980939419122,FALSE
"419",95,89.09330580355,5.90669419645005,FALSE
"420",84,82.6048318244993,1.39516817550071,FALSE
"421",85,81.2333303391518,3.76666966084817,FALSE
"422",65,66.1027117701992,1.10271177019921,FALSE
"423",106,106.00115787266,0.0011578726601158,FALSE
"424",79,83.9978990399637,4.99789903996373,FALSE
"425",92,95.6574015277644,3.65740152776441,FALSE
"426",90,84.8051668745823,5.19483312541772,FALSE
"427",80,73.4300134364178,6.56998656358219,FALSE
"428",77,79.930870683057,2.93087068305704,FALSE
"429",89,87.8958354410306,1.10416455896939,FALSE
"430",77,77.6440564564918,0.644056456491796,FALSE
"431",65,66.4926928147349,1.49269281473492,FALSE
"432",54,54.8133938733944,0.813393873394432,FALSE
"433",102,106.722407161723,4.72240716172267,FALSE
"434",72,61.8240080935726,10.1759919064274,FALSE
"435",83,80.3455916839741,2.65440831602585,FALSE
"436",74,70.2875050773377,3.71249492266226,FALSE
"437",70,72.3181286220358,2.31812862203583,FALSE
"438",65,67.0088510610354,2.0088510610354,FALSE
"439",88,87.4407986288999,0.559201371100102,FALSE
"440",114,112.034174930104,1.96582506989579,FALSE
"441",74,74.3341395138295,0.334139513829484,FALSE
"442",75,71.2831237043618,3.71687629563817,FALSE
"443",69,74.4788061085027,5.47880610850274,FALSE
"444",98,92.7435389032769,5.25646109672309,FALSE
"445",76,80.7722851422361,4.77228514223614,FALSE
"446",89,91.7033897923526,2.70338979235258,FALSE
"447",83,83.7679917176776,0.767991717677603,FALSE
"448",63,67.909777369267,4.90977736926705,FALSE
"449",88,87.3126772009152,0.687322799084825,FALSE
"450",88,85.8171854047534,2.18281459524663,FALSE
"451",84,84.254298066539,0.254298066538965,FALSE
"452",101,102.500769631388,1.50076963138821,FALSE
"453",98,94.2552173004726,3.74478269952736,FALSE
"454",78,79.9522736013397,1.95227360133974,FALSE
"455",68,73.7436987380218,5.74369873802183,FALSE
"456",80,75.094850682399,4.90514931760097,FALSE
"457",76,69.6565242471613,6.3434757528387,FALSE
"458",86,85.8197372864337,0.180262713566336,FALSE
"459",83,81.8325669401999,1.1674330598001,FALSE
"460",79,80.2044570242857,1.2044570242857,FALSE
"461",92,88.3251868842437,3.67481311575632,FALSE
"462",84,92.9334493089483,8.9334493089483,FALSE
"463",67,73.2699463978615,6.2699463978615,FALSE
"464",88,91.0293642191176,3.02936421911755,FALSE
"465",78,74.7931838513982,3.20681614860182,FALSE
"466",68,71.6374644778937,3.63746447789374,FALSE
"467",78,76.1275050169899,1.87249498301006,FALSE
"468",88,87.8762184527654,0.123781547234557,FALSE
"469",96,101.406613006201,5.4066130062006,FALSE
"470",65,62.0695945186978,2.93040548130219,FALSE
"471",68,63.5233484872273,4.47665151277269,FALSE
"472",79,77.4135483272424,1.58645167275765,FALSE
"473",76,70.8733453784069,5.12665462159313,FALSE
"474",90,89.7630376364775,0.236962363522537,FALSE
"475",90,79.9093976961504,10.0906023038496,FALSE
"476",73,79.2114155304609,6.21141553046093,FALSE
"477",77,79.0968339489669,2.09683394896692,FALSE
"478",76,77.2084450434536,1.20844504345355,FALSE
"479",96,93.8020049012838,2.19799509871623,FALSE
"480",88,85.0671848275047,2.93281517249527,FALSE
"481",85,80.9758268734784,4.02417312652157,FALSE
"482",70,62.0525274063431,7.94747259365687,FALSE
"483",76,80.993744285905,4.99374428590495,FALSE
"484",85,91.1055133853912,6.10551338539118,FALSE
"485",81,81.3548582118638,0.354858211863814,FALSE
"486",99,98.9238315910913,0.0761684089087282,FALSE
"487",83,79.8310929365305,3.16890706346953,FALSE
"488",53,47.7264288173542,5.27357118264584,FALSE
"489",80,79.6488609187093,0.351139081290668,FALSE
"490",82,76.9141070585239,5.08589294147615,FALSE
"491",75,76.6968801859458,1.69688018594582,FALSE
"492",90,86.402378941549,3.597621058451,FALSE
"493",80,79.8363830470977,0.163616952902331,FALSE
"494",78,78.0888037760585,0.0888037760585121,FALSE
"495",88,88.5562191058942,0.556219105894215,FALSE
"496",71,77.5445947979503,6.54459479795025,FALSE
"497",92,89.1978248033869,2.80217519661308,FALSE
"498",78,76.4786835426842,1.52131645731578,FALSE
"499",67,66.8874991323172,0.112500867682783,FALSE
"500",73,74.9879402802519,1.98794028025188,FALSE
"501",91,90.0786589272352,0.921341072764847,FALSE
"502",85,89.9869313795091,4.98693137950907,FALSE
"503",68,69.5584003286502,1.55840032865021,FALSE
"504",88,86.4312120899896,1.56878791001041,FALSE
"505",90,93.7433227570589,3.74332275705886,FALSE
"506",74,76.4458254851668,2.44582548516685,FALSE
"507",104,102.3779108206,1.62208917940028,FALSE
"508",85,85.0452973521947,0.0452973521946518,FALSE
"509",80,79.9411019332709,0.0588980667291139,FALSE
"510",71,72.3319393698455,1.33193936984546,FALSE
"511",84,81.0482618158199,2.95173818418006,FALSE
"512",94,92.451086099413,1.548913900587,FALSE
"513",73,74.5576596164936,1.55765961649362,FALSE
"514",76,78.4080260720166,2.4080260720166,FALSE
"515",67,59.3251803430941,7.67481965690591,FALSE
"516",85,86.7665202306526,1.76652023065256,FALSE
"517",64,66.8524683752815,2.85246837528152,FALSE
"518",85,89.9846483773825,4.98464837738247,FALSE
"519",84,79.3008672197615,4.69913278023851,FALSE
"520",81,82.6027505662594,1.60275056625939,FALSE
"521",69,74.9207056332167,5.9207056332167,FALSE
"522",71,67.0089853609399,3.99101463906013,FALSE
"523",94,86.3668943023796,7.63310569762041,FALSE
"524",59,73.8029236571388,14.8029236571388,FALSE
"525",88,86.8606572882765,1.13934271172353,FALSE
"526",68,67.5557270960605,0.44427290393952,FALSE
"527",97,94.6183194459857,2.38168055401428,FALSE
"528",75,70.8818545368537,4.11814546314629,FALSE
"529",61,71.6307774571065,10.6307774571065,FALSE
"530",82,81.341069080915,0.658930919085009,FALSE
"531",103,98.5305844010654,4.46941559893462,FALSE
"532",87,82.4035880546374,4.59641194536258,FALSE
"533",86,89.2733959033123,3.27339590331228,FALSE
"534",95,91.4221323728957,3.57786762710425,FALSE
"535",98,92.9187522556451,5.08124774435491,FALSE
"536",89,86.2036809004907,2.79631909950935,FALSE
"537",73,74.3265837659427,1.32658376594274,FALSE
"538",72,72.128743275089,0.128743275088951,FALSE
"539",78,78.3693541603829,0.369354160382883,FALSE
"540",86,85.9635152662654,0.0364847337345537,FALSE
"541",90,86.616297678273,3.38370232172704,FALSE
"542",76,73.8191566559265,2.18084334407348,FALSE
"543",75,80.4910507695847,5.49105076958467,FALSE
"544",81,75.3135010786891,5.68649892131087,FALSE
"545",72,75.6378775535444,3.63787755354443,FALSE
"546",63,72.6784359095929,9.67843590959295,FALSE
"547",92,95.0646294879207,3.06462948792067,FALSE
"548",90,90.6936959567501,0.693695956750119,FALSE
"549",87,88.3009231148333,1.3009231148333,FALSE
"550",72,75.935448208436,3.935448208436,FALSE
"551",76,79.6557308380098,3.65573083800976,FALSE
"552",96,88.5303996638126,7.46960033618736,FALSE
"553",70,78.0171614064549,8.01716140645486,FALSE
"554",96,91.3104944399916,4.6895055600084,FALSE
"555",82,79.5235988910899,2.47640110891011,FALSE
"556",64,68.8267922999214,4.82679229992139,FALSE
"557",72,74.1245583826003,2.1245583826003,FALSE
"558",83,84.2102158686418,1.21021586864178,FALSE
"559",77,73.8995024004124,3.10049759958761,FALSE
"560",96,90.970949006369,5.02905099363099,FALSE
"561",94,91.7913191371087,2.2086808628913,FALSE
"562",67,69.8550051110376,2.85500511103764,FALSE
"563",84,83.0126723293929,0.987327670607073,FALSE
"564",81,81.77735093587,0.777350935870047,FALSE
"565",77,76.8439597489307,0.156040251069271,FALSE
"566",87,88.875739421281,1.87573942128104,FALSE
"567",74,80.9972306252169,6.99723062521686,FALSE
"568",57,62.7224425395567,5.72244253955674,FALSE
"569",84,83.0550551339923,0.944944866007702,FALSE
"570",65,69.9238352714326,4.92383527143262,FALSE
"571",82,81.5508849402491,0.449115059750866,FALSE
"572",93,91.6093328198361,1.39066718016386,FALSE
"573",83,86.4518385939001,3.45183859390013,FALSE
"574",95,93.6797857862077,1.32021421379231,FALSE
"575",71,73.6423942543149,2.64239425431491,FALSE
"576",77,80.618639033221,3.61863903322096,FALSE
"577",71,70.6019880883909,0.398011911609117,FALSE
"578",84,79.2514023161078,4.74859768389217,FALSE
"579",78,76.1557927255267,1.84420727447326,FALSE
"580",98,94.9363795397956,3.06362046020445,FALSE
"581",84,80.376461690453,3.62353830954696,FALSE
"582",83,84.0584811959701,1.05848119597012,FALSE
"583",75,76.3940385870638,1.3940385870638,FALSE
"584",84,81.6570380141688,2.34296198583124,FALSE
"585",85,82.1927273130205,2.80727268697953,FALSE
"586",91,87.6172141107886,3.38278588921142,FALSE
"587",65,66.8652417330707,1.86524173307072,FALSE
"588",76,78.1189410082391,2.11894100823912,FALSE
"589",88,84.7683368845929,3.23166311540714,FALSE
"590",80,79.5349421165079,0.465057883492094,FALSE
"591",77,72.4994943901658,4.50050560983418,FALSE
"592",94,86.2831407578267,7.71685924217327,FALSE
"593",91,91.1189074124431,0.11890741244315,FALSE
"594",77,80.5071604355278,3.50716043552782,FALSE
"595",79,80.5414260006258,1.54142600062578,FALSE
"596",75,73.1018276839821,1.89817231601786,FALSE
"597",75,80.7684171688953,5.76841716889527,FALSE
"598",86,85.4843545108045,0.515645489195478,FALSE
"599",74,78.1060277081179,4.10602770811795,FALSE
"600",74,74.7742466918485,0.774246691848489,FALSE
"601",85,87.9164867120314,2.91648671203144,FALSE
"602",91,97.5990692044942,6.59906920449424,FALSE
"603",67,66.4367206310511,0.563279368948898,FALSE
"604",103,97.8608844436287,5.13911555637128,FALSE
"605",77,72.8155427163802,4.18445728361981,FALSE
"606",95,92.795639055723,2.20436094427697,FALSE
"607",75,81.257401424856,6.25740142485597,FALSE
"608",77,77.2725058695991,0.272505869599144,FALSE
"609",85,82.0089078750587,2.99109212494126,FALSE
"610",70,71.3132840620427,1.3132840620427,FALSE
"611",83,79.1952705549596,3.80472944504041,FALSE
"612",86,91.8390688984481,5.83906889844806,FALSE
"613",63,71.5437832888537,8.54378328885375,FALSE
"614",87,83.3928277759911,3.60717222400893,FALSE
"615",83,84.8820602773392,1.88206027733916,FALSE
"616",91,90.6871418009663,0.312858199033656,FALSE
"617",93,89.3037076862984,3.69629231370159,FALSE
"618",69,75.1508177060659,6.15081770606585,FALSE
"619",75,75.3416575308393,0.341657530839299,FALSE
"620",73,76.3725549464657,3.37255494646567,FALSE
"621",59,60.9076918888319,1.90769188883191,FALSE
"622",86,79.1047973311425,6.89520266885749,FALSE
"623",92,86.8897021305917,5.11029786940827,FALSE
"624",77,83.3082080036406,6.3082080036406,FALSE
"625",81,84.0283520605514,3.02835206055136,FALSE
"626",80,81.192456580948,1.19245658094799,FALSE
"627",81,81.6449473049281,0.644947304928067,FALSE
"628",87,90.3241131464857,3.32411314648567,FALSE
"629",74,71.2847756610227,2.71522433897729,FALSE
"630",99,95.1971818990552,3.80281810094479,FALSE
"631",67,70.6259167634448,3.62591676344483,FALSE
"632",74,77.2943552860778,3.29435528607783,FALSE
"633",89,83.0367763894602,5.96322361053983,FALSE
"634",73,77.6421449668704,4.6421449668704,FALSE
"635",92,91.3839886627416,0.616011337258385,FALSE
"636",86,84.2289853138359,1.77101468616411,FALSE
"637",83,79.217827538968,3.78217246103196,FALSE
"638",89,89.2928136373046,0.292813637304647,FALSE
"639",54,62.2384672375805,8.23846723758047,FALSE
"640",54,56.9276829056622,2.92768290566221,FALSE
"641",89,93.5254274503393,4.52542745033932,FALSE
"642",75,75.2173683289306,0.217368328930618,FALSE
"643",77,77.9503973969337,0.950397396933695,FALSE
"644",71,68.2522311471154,2.74776885288463,FALSE
"645",87,85.8813924347441,1.11860756525587,FALSE
"646",78,74.5813436327607,3.41865636723932,FALSE
"647",88,85.8019529228265,2.19804707717354,FALSE
"648",82,80.0094737822509,1.99052621774914,FALSE
"649",84,86.7682682730241,2.76826827302409,FALSE
"650",94,90.1205198894175,3.87948011058251,FALSE
"651",87,88.0526224235932,1.05262242359325,FALSE
"652",91,89.9092619133783,1.0907380866217,FALSE
"653",81,85.3329428683496,4.33294286834965,FALSE
"654",100,98.5490905538541,1.45090944614591,FALSE
"655",85,83.2164193916356,1.7835806083644,FALSE
"656",104,99.3741692716789,4.62583072832108,FALSE
"657",65,67.4221752770832,2.42217527708323,FALSE
"658",85,84.6446740530971,0.355325946902894,FALSE
"659",83,82.5720932512066,0.427906748793447,FALSE
"660",68,72.8892138940964,4.88921389409637,FALSE
"661",83,85.8360688700526,2.83606887005259,FALSE
"662",76,75.9561182298416,0.0438817701584213,FALSE
"663",70,71.1207129240611,1.12071292406112,FALSE
"664",87,89.4720183546469,2.47201835464693,FALSE
"665",69,72.3516932696472,3.35169326964716,FALSE
"666",67,65.4197157264689,1.58028427353115,FALSE
"667",78,82.3678340883622,4.36783408836222,FALSE
"668",75,77.4626233579261,2.46262335792612,FALSE
"669",76,72.5500610702779,3.44993892972209,FALSE
"670",77,81.1658648463334,4.16586484633342,FALSE
"671",84,84.0187637978414,0.0187637978413733,FALSE
"672",61,58.7620761993168,2.23792380068319,FALSE
"673",98,97.0063984804346,0.993601519565416,FALSE
"674",76,78.2568669899722,2.25686698997221,FALSE
"675",83,83.5868009624279,0.586800962427915,FALSE
"676",73,77.2713900240305,4.27139002403054,FALSE
"677",91,85.1529159991531,5.84708400084691,FALSE
"678",85,78.7552156889029,6.24478431109706,FALSE
"679",91,83.1564334158181,7.84356658418189,FALSE
"680",92,93.587307488126,1.58730748812602,FALSE
"681",89,83.9046172086924,5.09538279130761,FALSE
"682",81,82.4905196448671,1.49051964486711,FALSE
"683",80,76.319082816583,3.68091718341695,FALSE
"684",80,78.9002957448687,1.09970425513126,FALSE
"685",65,71.4784771547423,6.47847715474225,FALSE
"686",78,76.6955807648042,1.30441923519578,FALSE
"687",90,92.6115375216182,2.61153752161825,FALSE
"688",95,91.6158430117847,3.3841569882153,FALSE
"689",75,77.9865803489875,2.98658034898747,FALSE
"690",96,100.256727784888,4.25672778488787,FALSE
"691",72,70.5930920417627,1.40690795823734,FALSE
"692",73,75.7397686456674,2.73976864566737,FALSE
"693",95,90.7639426278713,4.2360573721287,FALSE
"694",92,91.3660233155307,0.633976684469346,FALSE
"695",70,70.4805102684491,0.480510268449066,FALSE
"696",72,75.7213432577971,3.72134325779712,FALSE
"697",86,82.5851274539861,3.41487254601388,FALSE
"698",84,79.757167414513,4.24283258548699,FALSE
"699",87,89.4501812358991,2.45018123589912,FALSE
"700",96,90.120354904806,5.87964509519402,FALSE
"701",76,79.3677806496994,3.36778064969943,FALSE
"702",73,77.166628085259,4.16662808525899,FALSE
"703",77,74.2144453611126,2.78555463888739,FALSE
"704",71,70.8527770779716,0.147222922028391,FALSE
"705",78,75.9857318155782,2.01426818442177,FALSE
"706",108,102.044255012314,5.95574498768585,FALSE
"707",90,86.8953174911425,3.10468250885749,FALSE
"708",76,78.0397176573281,2.03971765732808,FALSE
"709",86,83.5392566625182,2.46074333748176,FALSE
"710",64,77.4940107209492,13.4940107209492,FALSE
"711",74,74.4017925988048,0.401792598804789,FALSE
"712",67,68.9877009082602,1.98770090826024,FALSE
"713",83,89.4496383863052,6.44963838630522,FALSE
"714",79,80.3467823570193,1.34678235701926,FALSE
"715",87,83.7737459348216,3.22625406517838,FALSE
"716",86,88.7548823319895,2.75488233198946,FALSE
"717",66,66.0462659779324,0.0462659779323502,FALSE
"718",83,86.1207011770303,3.12070117703026,FALSE
"719",81,89.1645914589284,8.16459145892843,FALSE
"720",90,84.0319746108084,5.96802538919157,FALSE
"721",77,76.7927252063158,0.207274793684249,FALSE
"722",85,82.8340310396127,2.1659689603873,FALSE
"723",89,82.3911376510224,6.60886234897762,FALSE
"724",60,67.4032437834349,7.40324378343489,FALSE
"725",84,85.1393373793826,1.13933737938255,FALSE
"726",83,82.6819243176005,0.318075682399481,FALSE
"727",91,86.1881852392068,4.81181476079321,FALSE
"728",95,91.9003777420346,3.09962225796542,FALSE
"729",71,69.4813157874373,1.5186842125627,FALSE
"730",77,73.1720406526205,3.82795934737953,FALSE
"731",84,80.9791464698797,3.02085353012033,FALSE
"732",98,94.3287007596756,3.67129924032437,FALSE
"733",97,98.9529587744666,1.95295877446662,FALSE
"734",77,77.8565996793013,0.85659967930134,FALSE
"735",75,80.6556784966414,5.65567849664137,FALSE
"736",57,67.0646084959143,10.0646084959143,FALSE
"737",83,84.2551991952963,1.25519919529634,FALSE
"738",74,70.8416209004184,3.15837909958162,FALSE
"739",62,69.5366220432409,7.53662204324088,FALSE
"740",101,99.0652480345823,1.9347519654177,FALSE
"741",62,63.9775815677981,1.97758156779807,FALSE
"742",99,98.4546026356016,0.545397364398369,FALSE
"743",80,79.0470360721156,0.952963927884426,FALSE
"744",85,82.6918917423049,2.30810825769512,FALSE
"745",86,85.4669553540782,0.533044645921777,FALSE
"746",81,81.0441454105227,0.0441454105227166,FALSE
"747",96,91.4881075629845,4.51189243701548,FALSE
"748",74,75.3509151136517,1.35091511365174,FALSE
"749",70,69.065749422574,0.934250577425956,FALSE
"750",75,80.5642709839646,5.5642709839646,FALSE
"751",104,99.8816915976684,4.11830840233164,FALSE
"752",80,87.6860990700851,7.68609907008506,FALSE
"753",84,79.9265664361625,4.07343356383751,FALSE
"754",79,79.5610442684672,0.561044268467185,FALSE
"755",67,71.629691772689,4.629691772689,FALSE
"756",81,81.0477541783115,0.0477541783115356,FALSE
"757",78,82.2452221088947,4.24522210889474,FALSE
"758",90,78.8567244147225,11.1432755852775,FALSE
"759",87,89.0974116073307,2.09741160733071,FALSE
"760",77,74.9921147085427,2.0078852914573,FALSE
"761",81,84.1868447150088,3.1868447150088,FALSE
"762",75,86.4716396247736,11.4716396247736,FALSE
"763",92,86.5635160623474,5.43648393765255,FALSE
"764",74,71.722611906157,2.27738809384304,FALSE
"765",66,68.2991821175062,2.29918211750621,FALSE
"766",84,82.0811377233572,1.91886227664284,FALSE
"767",69,75.1903253445036,6.19032534450358,FALSE
"768",89,86.6967343025503,2.30326569744972,FALSE
"769",88,91.9415891487578,3.94158914875784,FALSE
"770",98,95.9578671338402,2.04213286615978,FALSE
"771",78,75.7929976945776,2.20700230542241,FALSE
"772",70,75.1751867438064,5.17518674380642,FALSE
"773",71,79.3049634847241,8.3049634847241,FALSE
"774",99,96.2824373422385,2.71756265776153,FALSE
"775",74,72.472181921508,1.52781807849196,FALSE
"776",70,72.7479100453415,2.74791004534148,FALSE
"777",92,92.1943827535994,0.194382753599399,FALSE
"778",85,81.0823738900309,3.91762610996911,FALSE
"779",79,73.9821434316987,5.01785656830127,FALSE
"780",91,86.144031788668,4.85596821133197,FALSE
"781",87,86.7035416746565,0.296458325343451,FALSE
"782",70,69.4509616742529,0.549038325747134,FALSE
"783",82,84.6113345748085,2.61133457480851,FALSE
"784",68,70.8284404739754,2.82844047397541,FALSE
"785",91,87.8058310161486,3.19416898385141,FALSE
"786",74,73.4902414294687,0.509758570531346,FALSE
"787",90,87.62221423004,2.37778576996001,FALSE
"788",84,82.4637070883107,1.53629291168926,FALSE
"789",81,81.5009703359602,0.500970335960247,FALSE
"790",60,62.9168774523813,2.91687745238127,FALSE
"791",79,80.1951004575053,1.19510045750526,FALSE
"792",79,78.0228569960204,0.977143003979606,FALSE
"793",77,84.6480089744842,7.64800897448421,FALSE
"794",89,87.9079717434229,1.09202825657714,FALSE
"795",89,84.8449167824486,4.15508321755138,FALSE
"796",94,89.9945058983172,4.00549410168277,FALSE
"797",89,85.0636177418713,3.93638225812872,FALSE
"798",93,95.5897387409679,2.58973874096787,FALSE
"799",73,77.8663267880382,4.86632678803821,FALSE
"800",87,88.6635826382252,1.66358263822521,FALSE
"801",61,69.7817028785373,8.78170287853726,FALSE
"802",78,74.5005029027979,3.49949709720211,FALSE
"803",83,85.5914862065915,2.59148620659148,FALSE
"804",77,76.3969320444316,0.603067955568392,FALSE
"805",90,87.7723229719556,2.22767702804443,FALSE
"806",88,89.3735703621907,1.37357036219066,FALSE
"807",95,98.5441772299411,3.54417722994107,FALSE
"808",60,64.5590576535044,4.55905765350444,FALSE
"809",86,89.5597308107842,3.55973081078417,FALSE
"810",65,69.7327615335365,4.73276153353648,FALSE
"811",79,80.3784909491919,1.37849094919191,FALSE
"812",68,67.9543015495668,0.0456984504331928,FALSE
"813",89,82.3313708890495,6.66862911095052,FALSE
"814",84,83.9667021916503,0.0332978083496869,FALSE
"815",81,83.0025969264249,2.00259692642491,FALSE
"816",76,75.067279050708,0.932720949291962,FALSE
"817",87,79.8129443848773,7.1870556151227,FALSE
"818",92,89.0899928378376,2.91000716216237,FALSE
"819",64,65.1607308094598,1.16073080945979,FALSE
"820",78,76.1806681099903,1.81933189000965,FALSE
"821",81,78.1766617887771,2.8233382112229,FALSE
"822",100,97.8037679431162,2.1962320568838,FALSE
"823",83,79.6189486499973,3.38105135000275,FALSE
"824",65,70.6390861364857,5.63908613648566,FALSE
"825",64,69.7311713029859,5.73117130298587,FALSE
"826",70,67.6462886031434,2.35371139685661,FALSE
"827",89,85.1063220902966,3.8936779097034,FALSE
"828",79,73.559842347404,5.44015765259601,FALSE
"829",84,88.3320441329389,4.33204413293888,FALSE
"830",93,86.5279398523475,6.47206014765254,FALSE
"831",97,92.6146028111437,4.38539718885626,FALSE
"832",92,88.9339116464587,3.06608835354128,FALSE
"833",86,94.0623837552228,8.06238375522284,FALSE
"834",77,75.5508364240439,1.44916357595608,FALSE
"835",90,87.8879944221024,2.11200557789762,FALSE
"836",67,72.0893433327692,5.08934333276923,FALSE
"837",103,97.0122109018816,5.98778909811843,FALSE
"838",83,85.7771634027063,2.77716340270634,FALSE
"839",91,90.2496423191108,0.750357680889195,FALSE
"840",83,83.3820871447087,0.382087144708677,FALSE
"841",73,75.2482820650574,2.24828206505742,FALSE
"842",59,62.7161545904766,3.71615459047662,FALSE
"843",75,75.2268418848472,0.226841884847175,FALSE
"844",74,83.9170897911787,9.9170897911787,FALSE
"845",76,81.490931728844,5.49093172884402,FALSE
"846",67,67.1879023073668,0.187902307366841,FALSE
"847",66,71.261195842259,5.26119584225904,FALSE
"848",102,98.5518982049293,3.44810179507068,FALSE
"849",91,93.7461583349349,2.7461583349349,FALSE
"850",88,90.6302342323757,2.63023423237568,FALSE
"851",80,81.0420264143449,1.04202641434487,FALSE
"852",73,78.8672114344622,5.86721143446225,FALSE
"853",90,89.8893612460699,0.110638753930147,FALSE
"854",81,76.0923652587119,4.90763474128806,FALSE
"855",84,84.0469373280721,0.0469373280721328,FALSE
"856",89,81.7333345285895,7.26666547141049,FALSE
"857",85,84.173479567063,0.82652043293696,FALSE
"858",79,83.3096766265441,4.30967662654415,FALSE
"859",95,89.3451575001989,5.65484249980109,FALSE
"860",82,84.9409134096186,2.94091340961859,FALSE
"861",95,93.2689823421853,1.73101765781473,FALSE
"862",63,70.0587400346574,7.05874003465739,FALSE
"863",89,87.1062691840136,1.89373081598639,FALSE
"864",54,51.9858564437621,2.01414355623793,FALSE
"865",84,77.7422700356277,6.25772996437232,FALSE
"866",98,94.6564714447984,3.34352855520156,FALSE
"867",68,73.3424556480644,5.34245564806436,FALSE
"868",67,69.8518711299437,2.8518711299437,FALSE
"869",71,73.1009417544659,2.10094175446592,FALSE
"870",86,85.1077996413295,0.892200358670493,FALSE
"871",83,86.3058157609303,3.30581576093027,FALSE
"872",53,55.7734570956748,2.77345709567476,FALSE
"873",69,66.0278326082795,2.97216739172049,FALSE
"874",90,83.8389070330591,6.1610929669409,FALSE
"875",99,95.28983353176,3.71016646824,FALSE
"876",87,83.7563592450909,3.24364075490908,FALSE
"877",79,75.1230688190101,3.87693118098989,FALSE
"878",71,71.262589333666,0.262589333666028,FALSE
"879",92,83.2483837428345,8.75161625716551,FALSE
"880",69,75.2617787287213,6.26177872872127,FALSE
"881",86,87.4130743379597,1.41307433795974,FALSE
"882",74,78.557018216118,4.55701821611802,FALSE
"883",92,92.2410521219313,0.241052121931318,FALSE
"884",95,96.9762882424951,1.97628824249514,FALSE
"885",93,96.6522432331354,3.65224323313541,FALSE
"886",73,80.0449787199129,7.04497871991295,FALSE
"887",76,83.7051487119853,7.70514871198532,FALSE
"888",66,72.9703125076849,6.97031250768491,FALSE
"889",100,96.994382898765,3.00561710123502,FALSE
"890",69,65.4818475822696,3.51815241773043,FALSE
"891",90,93.7165262206701,3.71652622067006,FALSE
"892",88,85.9112393052309,2.08876069476909,FALSE
"893",84,80.8586884635489,3.14131153645114,FALSE
"894",56,58.4453403749793,2.44534037497925,FALSE
"895",89,83.4602079224653,5.53979207753471,FALSE
"896",69,75.6427384041044,6.64273840410445,FALSE
"897",87,87.3867168642876,0.386716864287592,FALSE
"898",59,62.3198133679381,3.31981336793811,FALSE
"899",61,58.8454024441048,2.15459755589519,FALSE
"900",97,87.7482594196824,9.25174058031759,FALSE
"901",97,95.5883351159258,1.41166488407424,FALSE
"902",74,79.1768551188302,5.17685511883025,FALSE
"903",81,76.3535766556499,4.64642334435011,FALSE
"904",90,88.1495374338133,1.85046256618675,FALSE
"905",88,88.7415277988301,0.741527798830106,FALSE
"906",71,74.5877323630285,3.58773236302845,FALSE
"907",74,77.300644651412,3.30064465141204,FALSE
"908",81,84.3158243339646,3.31582433396463,FALSE
"909",102,98.3396040013485,3.66039599865152,FALSE
"910",98,100.214389414693,2.21438941469334,FALSE
"911",67,68.3746994167555,1.37469941675555,FALSE
"912",84,89.7272696490438,5.72726964904376,FALSE
"913",75,73.9423905114507,1.05760948854926,FALSE
"914",64,73.7538270590027,9.75382705900273,FALSE
"915",100,99.2515513186187,0.748448681381262,FALSE
"916",63,66.5141334592116,3.51413345921158,FALSE
"917",101,99.0802546106626,1.91974538933736,FALSE
"918",96,88.1528453597205,7.8471546402795,FALSE
"919",69,66.5025891344471,2.49741086555287,FALSE
"920",64,57.5800348020325,6.41996519796746,FALSE
"921",75,77.3346532904169,2.3346532904169,FALSE
"922",83,86.0827663999093,3.08276639990929,FALSE
"923",94,92.2469060569278,1.75309394307217,FALSE
"924",54,58.9547899750997,4.95478997509973,FALSE
"925",70,73.2134318503631,3.21343185036314,FALSE
"926",88,83.6433070961076,4.35669290389241,FALSE
"927",83,86.8869973393633,3.88699733936332,FALSE
"928",76,73.3718517308285,2.6281482691715,FALSE
"929",75,69.4031217872653,5.59687821273465,FALSE
"930",64,65.0020455087258,1.00204550872583,FALSE
"931",102,103.671442456198,1.67144245619839,FALSE
"932",81,81.0326835746189,0.0326835746188578,FALSE
"933",74,71.0391002999894,2.96089970001057,FALSE
"934",80,78.1394436363173,1.86055636368275,FALSE
"935",90,91.6811709919158,1.68117099191582,FALSE
"936",92,88.2579927419259,3.74200725807414,FALSE
"937",66,72.7398772709241,6.73987727092414,FALSE
"938",85,85.0128800780706,0.0128800780706371,FALSE
"939",55,60.84573092631,5.84573092631004,FALSE
"940",86,89.4401291569036,3.44012915690362,FALSE
"941",97,96.6283239926411,0.371676007358886,FALSE
"942",87,90.1584730131606,3.15847301316064,FALSE
"943",101,102.889449610286,1.88944961028585,FALSE
"944",92,89.1925948768351,2.80740512316488,FALSE
"945",73,72.1610047951091,0.838995204890907,FALSE
"946",74,72.1677842234938,1.83221577650625,FALSE
"947",72,77.1244609056237,5.12446090562368,FALSE
"948",76,77.757553676301,1.75755367630104,FALSE
"949",67,65.3294293764368,1.67057062356322,FALSE
"950",90,94.1267841515005,4.1267841515005,FALSE
"951",95,89.4626532685471,5.53734673145294,FALSE
"952",72,71.4658144313632,0.534185568636829,FALSE
"953",75,69.2218018504711,5.77819814952886,FALSE
"954",75,76.2214034309557,1.2214034309557,FALSE
"955",108,106.855793313289,1.14420668671139,FALSE
"956",79,79.2165911019264,0.216591101926369,FALSE
"957",57,58.8790264349054,1.8790264349054,FALSE
"958",64,76.4368635396114,12.4368635396114,FALSE
"959",91,87.4310571607582,3.56894283924179,FALSE
"960",88,93.1375529769805,5.1375529769805,FALSE
"961",68,69.1618374236822,1.16183742368219,FALSE
"962",76,79.36325161706,3.36325161706004,FALSE
"963",75,72.3363647998584,2.66363520014163,FALSE
"964",82,83.5328292124911,1.53282921249107,FALSE
"965",83,90.5398348661094,7.53983486610936,FALSE
"966",98,96.645245758193,1.354754241807,FALSE
"967",86,85.2377232984684,0.762276701531576,FALSE
"968",92,96.1673634828671,4.16736348286707,FALSE
"969",71,68.2005489827166,2.79945101728336,FALSE
"970",80,79.9194483159952,0.0805516840048455,FALSE
"971",82,78.6882461605663,3.31175383943369,FALSE
"972",79,79.1591803334915,0.159180333491506,FALSE
"973",88,91.605277414458,3.60527741445804,FALSE
"974",91,86.1938070247759,4.80619297522409,FALSE
"975",84,84.8066462697513,0.806646269751326,FALSE
"976",68,77.6068465433443,9.60684654334435,FALSE
"977",66,65.0491724954309,0.950827504569119,FALSE
"978",80,77.5707453149459,2.4292546850541,FALSE
"979",98,95.9825072101366,2.01749278986338,FALSE
"980",77,78.0030212652836,1.00302126528364,FALSE
"981",72,66.1644134112823,5.8355865887177,FALSE
"982",81,83.487694455023,2.48769445502305,FALSE
"983",77,81.7956524878919,4.79565248789187,FALSE
"984",102,105.270079276621,3.27007927662086,FALSE
"985",76,80.0325820868991,4.03258208689905,FALSE
"986",82,81.8208184600905,0.179181539909465,FALSE
"987",79,81.6892229409926,2.68922294099258,FALSE
"988",71,73.9923404184052,2.99234041840525,FALSE
"989",89,86.2350043785676,2.76499562143245,FALSE
"990",90,95.4689513662656,5.4689513662656,FALSE
"991",80,78.6567377236196,1.34326227638043,FALSE
"992",88,90.6752115673064,2.67521156730638,FALSE
"993",60,51.9283182967601,8.0716817032399,FALSE
"994",72,72.2243083249002,0.22430832490015,FALSE
"995",86,84.6327684823892,1.36723151761085,FALSE
"996",83,80.2151760683402,2.78482393165976,FALSE
"997",76,83.3493772129227,7.3493772129227,FALSE
"998",97,100.896401595841,3.89640159584141,FALSE
"999",89,90.4082745519345,1.40827455193454,FALSE
